Copyright 1986-2022 Xilinx, Inc. All Rights Reserved. Copyright 2022-2025 Advanced Micro Devices, Inc. All Rights Reserved.
---------------------------------------------------------------------------------------------------------------------------------------------------------------------------------------------------------------------------------------------
| Tool Version : Vivado v.2025.1 (win64) Build 6140274 Thu May 22 00:12:29 MDT 2025
| Date         : Mon Dec  1 15:34:43 2025
| Host         : Raul running 64-bit major release  (build 9200)
| Command      : report_timing_summary -max_paths 10 -routable_nets -report_unconstrained -file MIPS_16_Top_timing_summary_routed.rpt -pb MIPS_16_Top_timing_summary_routed.pb -rpx MIPS_16_Top_timing_summary_routed.rpx -warn_on_violation
| Design       : MIPS_16_Top
| Device       : 7a35t-cpg236
| Speed File   : -1  PRODUCTION 1.23 2018-06-13
| Design State : Routed
---------------------------------------------------------------------------------------------------------------------------------------------------------------------------------------------------------------------------------------------

Timing Summary Report

------------------------------------------------------------------------------------------------
| Timer Settings
| --------------
------------------------------------------------------------------------------------------------

  Enable Multi Corner Analysis               :  Yes
  Enable Pessimism Removal                   :  Yes
  Pessimism Removal Resolution               :  Nearest Common Node
  Enable Input Delay Default Clock           :  No
  Enable Preset / Clear Arcs                 :  No
  Disable Flight Delays                      :  No
  Ignore I/O Paths                           :  No
  Timing Early Launch at Borrowing Latches   :  No
  Borrow Time for Max Delay Exceptions       :  Yes
  Merge Timing Exceptions                    :  Yes
  Inter-SLR Compensation                     :  Conservative

  Corner  Analyze    Analyze    
  Name    Max Paths  Min Paths  
  ------  ---------  ---------  
  Slow    Yes        Yes        
  Fast    Yes        Yes        


------------------------------------------------------------------------------------------------
| Report Methodology
| ------------------
------------------------------------------------------------------------------------------------

Rule       Severity          Description                    Violations  
---------  ----------------  -----------------------------  ----------  
TIMING-17  Critical Warning  Non-clocked sequential cell    104         
TIMING-18  Warning           Missing input or output delay  28          

Note: This report is based on the most recent report_methodology run and may not be up-to-date. Run report_methodology on the current design for the latest report.



check_timing report

Table of Contents
-----------------
1. checking no_clock (104)
2. checking constant_clock (0)
3. checking pulse_width_clock (0)
4. checking unconstrained_internal_endpoints (560)
5. checking no_input_delay (2)
6. checking no_output_delay (27)
7. checking multiple_clock (0)
8. checking generated_clocks (0)
9. checking loops (0)
10. checking partial_input_delay (0)
11. checking partial_output_delay (0)
12. checking latch_loops (0)

1. checking no_clock (104)
--------------------------
 There are 104 register/latch pins with no clock driven by root clock pin: Debouncer_Unit/pulse_on_reg/Q (HIGH)


2. checking constant_clock (0)
------------------------------
 There are 0 register/latch pins with constant_clock.


3. checking pulse_width_clock (0)
---------------------------------
 There are 0 register/latch pins which need pulse_width check


4. checking unconstrained_internal_endpoints (560)
--------------------------------------------------
 There are 560 pins that are not constrained for maximum delay. (HIGH)

 There are 0 pins that are not constrained for maximum delay due to constant clock.


5. checking no_input_delay (2)
------------------------------
 There are 2 input ports with no input delay specified. (HIGH)

 There are 0 input ports with no input delay but user has a false path constraint.


6. checking no_output_delay (27)
--------------------------------
 There are 27 ports with no output delay specified. (HIGH)

 There are 0 ports with no output delay but user has a false path constraint

 There are 0 ports with no output delay but with a timing clock defined on it or propagating through it


7. checking multiple_clock (0)
------------------------------
 There are 0 register/latch pins with multiple clocks.


8. checking generated_clocks (0)
--------------------------------
 There are 0 generated clocks that are not connected to a clock source.


9. checking loops (0)
---------------------
 There are 0 combinational loops in the design.


10. checking partial_input_delay (0)
------------------------------------
 There are 0 input ports with partial input delay specified.


11. checking partial_output_delay (0)
-------------------------------------
 There are 0 ports with partial output delay specified.


12. checking latch_loops (0)
----------------------------
 There are 0 combinational latch loops in the design through latch input



------------------------------------------------------------------------------------------------
| Design Timing Summary
| ---------------------
------------------------------------------------------------------------------------------------

    WNS(ns)      TNS(ns)  TNS Failing Endpoints  TNS Total Endpoints      WHS(ns)      THS(ns)  THS Failing Endpoints  THS Total Endpoints     WPWS(ns)     TPWS(ns)  TPWS Failing Endpoints  TPWS Total Endpoints  
    -------      -------  ---------------------  -------------------      -------      -------  ---------------------  -------------------     --------     --------  ----------------------  --------------------  
      5.341        0.000                      0                   97        0.197        0.000                      0                   97        4.500        0.000                       0                    51  


All user specified timing constraints are met.


------------------------------------------------------------------------------------------------
| Clock Summary
| -------------
------------------------------------------------------------------------------------------------

Clock        Waveform(ns)       Period(ns)      Frequency(MHz)
-----        ------------       ----------      --------------
sys_clk_pin  {0.000 5.000}      10.000          100.000         


------------------------------------------------------------------------------------------------
| Intra Clock Table
| -----------------
------------------------------------------------------------------------------------------------

Clock             WNS(ns)      TNS(ns)  TNS Failing Endpoints  TNS Total Endpoints      WHS(ns)      THS(ns)  THS Failing Endpoints  THS Total Endpoints     WPWS(ns)     TPWS(ns)  TPWS Failing Endpoints  TPWS Total Endpoints  
-----             -------      -------  ---------------------  -------------------      -------      -------  ---------------------  -------------------     --------     --------  ----------------------  --------------------  
sys_clk_pin         5.341        0.000                      0                   97        0.197        0.000                      0                   97        4.500        0.000                       0                    51  


------------------------------------------------------------------------------------------------
| Inter Clock Table
| -----------------
------------------------------------------------------------------------------------------------

From Clock    To Clock          WNS(ns)      TNS(ns)  TNS Failing Endpoints  TNS Total Endpoints      WHS(ns)      THS(ns)  THS Failing Endpoints  THS Total Endpoints  
----------    --------          -------      -------  ---------------------  -------------------      -------      -------  ---------------------  -------------------  


------------------------------------------------------------------------------------------------
| Other Path Groups Table
| -----------------------
------------------------------------------------------------------------------------------------

Path Group    From Clock    To Clock          WNS(ns)      TNS(ns)  TNS Failing Endpoints  TNS Total Endpoints      WHS(ns)      THS(ns)  THS Failing Endpoints  THS Total Endpoints  
----------    ----------    --------          -------      -------  ---------------------  -------------------      -------      -------  ---------------------  -------------------  


------------------------------------------------------------------------------------------------
| User Ignored Path Table
| -----------------------
------------------------------------------------------------------------------------------------

Path Group    From Clock    To Clock    
----------    ----------    --------    


------------------------------------------------------------------------------------------------
| Unconstrained Path Table
| ------------------------
------------------------------------------------------------------------------------------------

Path Group    From Clock    To Clock    
----------    ----------    --------    
(none)                                    
(none)        sys_clk_pin                 
(none)                      sys_clk_pin   


------------------------------------------------------------------------------------------------
| Timing Details
| --------------
------------------------------------------------------------------------------------------------


---------------------------------------------------------------------------------------------------
From Clock:  sys_clk_pin
  To Clock:  sys_clk_pin

Setup :            0  Failing Endpoints,  Worst Slack        5.341ns,  Total Violation        0.000ns
Hold  :            0  Failing Endpoints,  Worst Slack        0.197ns,  Total Violation        0.000ns
PW    :            0  Failing Endpoints,  Worst Slack        4.500ns,  Total Violation        0.000ns
---------------------------------------------------------------------------------------------------


Max Delay Paths
--------------------------------------------------------------------------------------
Slack (MET) :             5.341ns  (required time - arrival time)
  Source:                 Debouncer_Unit/pulse_cnt_reg[2]/C
                            (rising edge-triggered cell FDRE clocked by sys_clk_pin  {rise@0.000ns fall@5.000ns period=10.000ns})
  Destination:            Debouncer_Unit/pulse_cnt_reg[0]/CE
                            (rising edge-triggered cell FDRE clocked by sys_clk_pin  {rise@0.000ns fall@5.000ns period=10.000ns})
  Path Group:             sys_clk_pin
  Path Type:              Setup (Max at Slow Process Corner)
  Requirement:            10.000ns  (sys_clk_pin rise@10.000ns - sys_clk_pin rise@0.000ns)
  Data Path Delay:        4.419ns  (logic 1.076ns (24.350%)  route 3.343ns (75.650%))
  Logic Levels:           5  (LUT5=2 LUT6=3)
  Clock Path Skew:        0.000ns (DCD - SCD + CPR)
    Destination Clock Delay (DCD):    4.785ns = ( 14.785 - 10.000 ) 
    Source Clock Delay      (SCD):    5.085ns
    Clock Pessimism Removal (CPR):    0.300ns
  Clock Uncertainty:      0.035ns  ((TSJ^2 + TIJ^2)^1/2 + DJ) / 2 + PE
    Total System Jitter     (TSJ):    0.071ns
    Total Input Jitter      (TIJ):    0.000ns
    Discrete Jitter          (DJ):    0.000ns
    Phase Error              (PE):    0.000ns

    Location             Delay type                Incr(ns)  Path(ns)    Netlist Resource(s)
  -------------------------------------------------------------------    -------------------
                         (clock sys_clk_pin rise edge)
                                                      0.000     0.000 r  
    W5                                                0.000     0.000 r  clk (IN)
                         net (fo=0)                   0.000     0.000    clk
    W5                   IBUF (Prop_ibuf_I_O)         1.458     1.458 r  clk_IBUF_inst/O
                         net (fo=1, routed)           1.967     3.425    clk_IBUF
    BUFGCTRL_X0Y1        BUFG (Prop_bufg_I_O)         0.096     3.521 r  clk_IBUF_BUFG_inst/O
                         net (fo=50, routed)          1.564     5.085    Debouncer_Unit/CLK
    SLICE_X36Y42         FDRE                                         r  Debouncer_Unit/pulse_cnt_reg[2]/C
  -------------------------------------------------------------------    -------------------
    SLICE_X36Y42         FDRE (Prop_fdre_C_Q)         0.456     5.541 r  Debouncer_Unit/pulse_cnt_reg[2]/Q
                         net (fo=3, routed)           0.871     6.412    Debouncer_Unit/pulse_cnt_reg[2]
    SLICE_X37Y42         LUT6 (Prop_lut6_I0_O)        0.124     6.536 r  Debouncer_Unit/pulse_cnt[0]_i_9/O
                         net (fo=1, routed)           0.403     6.939    Debouncer_Unit/pulse_cnt[0]_i_9_n_0
    SLICE_X37Y44         LUT5 (Prop_lut5_I3_O)        0.124     7.063 r  Debouncer_Unit/pulse_cnt[0]_i_8/O
                         net (fo=1, routed)           0.406     7.469    Debouncer_Unit/pulse_cnt[0]_i_8_n_0
    SLICE_X37Y45         LUT6 (Prop_lut6_I5_O)        0.124     7.593 r  Debouncer_Unit/pulse_cnt[0]_i_6/O
                         net (fo=1, routed)           0.433     8.026    Debouncer_Unit/pulse_cnt[0]_i_6_n_0
    SLICE_X37Y45         LUT6 (Prop_lut6_I4_O)        0.124     8.150 r  Debouncer_Unit/pulse_cnt[0]_i_3/O
                         net (fo=1, routed)           0.426     8.576    Debouncer_Unit/pulse_cnt[0]_i_3_n_0
    SLICE_X37Y46         LUT5 (Prop_lut5_I4_O)        0.124     8.700 r  Debouncer_Unit/pulse_cnt[0]_i_1/O
                         net (fo=24, routed)          0.804     9.504    Debouncer_Unit/pulse_cnt[0]_i_1_n_0
    SLICE_X36Y42         FDRE                                         r  Debouncer_Unit/pulse_cnt_reg[0]/CE
  -------------------------------------------------------------------    -------------------

                         (clock sys_clk_pin rise edge)
                                                     10.000    10.000 r  
    W5                                                0.000    10.000 r  clk (IN)
                         net (fo=0)                   0.000    10.000    clk
    W5                   IBUF (Prop_ibuf_I_O)         1.388    11.388 r  clk_IBUF_inst/O
                         net (fo=1, routed)           1.862    13.250    clk_IBUF
    BUFGCTRL_X0Y1        BUFG (Prop_bufg_I_O)         0.091    13.341 r  clk_IBUF_BUFG_inst/O
                         net (fo=50, routed)          1.444    14.785    Debouncer_Unit/CLK
    SLICE_X36Y42         FDRE                                         r  Debouncer_Unit/pulse_cnt_reg[0]/C
                         clock pessimism              0.300    15.085    
                         clock uncertainty           -0.035    15.050    
    SLICE_X36Y42         FDRE (Setup_fdre_C_CE)      -0.205    14.845    Debouncer_Unit/pulse_cnt_reg[0]
  -------------------------------------------------------------------
                         required time                         14.845    
                         arrival time                          -9.504    
  -------------------------------------------------------------------
                         slack                                  5.341    

Slack (MET) :             5.341ns  (required time - arrival time)
  Source:                 Debouncer_Unit/pulse_cnt_reg[2]/C
                            (rising edge-triggered cell FDRE clocked by sys_clk_pin  {rise@0.000ns fall@5.000ns period=10.000ns})
  Destination:            Debouncer_Unit/pulse_cnt_reg[1]/CE
                            (rising edge-triggered cell FDRE clocked by sys_clk_pin  {rise@0.000ns fall@5.000ns period=10.000ns})
  Path Group:             sys_clk_pin
  Path Type:              Setup (Max at Slow Process Corner)
  Requirement:            10.000ns  (sys_clk_pin rise@10.000ns - sys_clk_pin rise@0.000ns)
  Data Path Delay:        4.419ns  (logic 1.076ns (24.350%)  route 3.343ns (75.650%))
  Logic Levels:           5  (LUT5=2 LUT6=3)
  Clock Path Skew:        0.000ns (DCD - SCD + CPR)
    Destination Clock Delay (DCD):    4.785ns = ( 14.785 - 10.000 ) 
    Source Clock Delay      (SCD):    5.085ns
    Clock Pessimism Removal (CPR):    0.300ns
  Clock Uncertainty:      0.035ns  ((TSJ^2 + TIJ^2)^1/2 + DJ) / 2 + PE
    Total System Jitter     (TSJ):    0.071ns
    Total Input Jitter      (TIJ):    0.000ns
    Discrete Jitter          (DJ):    0.000ns
    Phase Error              (PE):    0.000ns

    Location             Delay type                Incr(ns)  Path(ns)    Netlist Resource(s)
  -------------------------------------------------------------------    -------------------
                         (clock sys_clk_pin rise edge)
                                                      0.000     0.000 r  
    W5                                                0.000     0.000 r  clk (IN)
                         net (fo=0)                   0.000     0.000    clk
    W5                   IBUF (Prop_ibuf_I_O)         1.458     1.458 r  clk_IBUF_inst/O
                         net (fo=1, routed)           1.967     3.425    clk_IBUF
    BUFGCTRL_X0Y1        BUFG (Prop_bufg_I_O)         0.096     3.521 r  clk_IBUF_BUFG_inst/O
                         net (fo=50, routed)          1.564     5.085    Debouncer_Unit/CLK
    SLICE_X36Y42         FDRE                                         r  Debouncer_Unit/pulse_cnt_reg[2]/C
  -------------------------------------------------------------------    -------------------
    SLICE_X36Y42         FDRE (Prop_fdre_C_Q)         0.456     5.541 r  Debouncer_Unit/pulse_cnt_reg[2]/Q
                         net (fo=3, routed)           0.871     6.412    Debouncer_Unit/pulse_cnt_reg[2]
    SLICE_X37Y42         LUT6 (Prop_lut6_I0_O)        0.124     6.536 r  Debouncer_Unit/pulse_cnt[0]_i_9/O
                         net (fo=1, routed)           0.403     6.939    Debouncer_Unit/pulse_cnt[0]_i_9_n_0
    SLICE_X37Y44         LUT5 (Prop_lut5_I3_O)        0.124     7.063 r  Debouncer_Unit/pulse_cnt[0]_i_8/O
                         net (fo=1, routed)           0.406     7.469    Debouncer_Unit/pulse_cnt[0]_i_8_n_0
    SLICE_X37Y45         LUT6 (Prop_lut6_I5_O)        0.124     7.593 r  Debouncer_Unit/pulse_cnt[0]_i_6/O
                         net (fo=1, routed)           0.433     8.026    Debouncer_Unit/pulse_cnt[0]_i_6_n_0
    SLICE_X37Y45         LUT6 (Prop_lut6_I4_O)        0.124     8.150 r  Debouncer_Unit/pulse_cnt[0]_i_3/O
                         net (fo=1, routed)           0.426     8.576    Debouncer_Unit/pulse_cnt[0]_i_3_n_0
    SLICE_X37Y46         LUT5 (Prop_lut5_I4_O)        0.124     8.700 r  Debouncer_Unit/pulse_cnt[0]_i_1/O
                         net (fo=24, routed)          0.804     9.504    Debouncer_Unit/pulse_cnt[0]_i_1_n_0
    SLICE_X36Y42         FDRE                                         r  Debouncer_Unit/pulse_cnt_reg[1]/CE
  -------------------------------------------------------------------    -------------------

                         (clock sys_clk_pin rise edge)
                                                     10.000    10.000 r  
    W5                                                0.000    10.000 r  clk (IN)
                         net (fo=0)                   0.000    10.000    clk
    W5                   IBUF (Prop_ibuf_I_O)         1.388    11.388 r  clk_IBUF_inst/O
                         net (fo=1, routed)           1.862    13.250    clk_IBUF
    BUFGCTRL_X0Y1        BUFG (Prop_bufg_I_O)         0.091    13.341 r  clk_IBUF_BUFG_inst/O
                         net (fo=50, routed)          1.444    14.785    Debouncer_Unit/CLK
    SLICE_X36Y42         FDRE                                         r  Debouncer_Unit/pulse_cnt_reg[1]/C
                         clock pessimism              0.300    15.085    
                         clock uncertainty           -0.035    15.050    
    SLICE_X36Y42         FDRE (Setup_fdre_C_CE)      -0.205    14.845    Debouncer_Unit/pulse_cnt_reg[1]
  -------------------------------------------------------------------
                         required time                         14.845    
                         arrival time                          -9.504    
  -------------------------------------------------------------------
                         slack                                  5.341    

Slack (MET) :             5.341ns  (required time - arrival time)
  Source:                 Debouncer_Unit/pulse_cnt_reg[2]/C
                            (rising edge-triggered cell FDRE clocked by sys_clk_pin  {rise@0.000ns fall@5.000ns period=10.000ns})
  Destination:            Debouncer_Unit/pulse_cnt_reg[2]/CE
                            (rising edge-triggered cell FDRE clocked by sys_clk_pin  {rise@0.000ns fall@5.000ns period=10.000ns})
  Path Group:             sys_clk_pin
  Path Type:              Setup (Max at Slow Process Corner)
  Requirement:            10.000ns  (sys_clk_pin rise@10.000ns - sys_clk_pin rise@0.000ns)
  Data Path Delay:        4.419ns  (logic 1.076ns (24.350%)  route 3.343ns (75.650%))
  Logic Levels:           5  (LUT5=2 LUT6=3)
  Clock Path Skew:        0.000ns (DCD - SCD + CPR)
    Destination Clock Delay (DCD):    4.785ns = ( 14.785 - 10.000 ) 
    Source Clock Delay      (SCD):    5.085ns
    Clock Pessimism Removal (CPR):    0.300ns
  Clock Uncertainty:      0.035ns  ((TSJ^2 + TIJ^2)^1/2 + DJ) / 2 + PE
    Total System Jitter     (TSJ):    0.071ns
    Total Input Jitter      (TIJ):    0.000ns
    Discrete Jitter          (DJ):    0.000ns
    Phase Error              (PE):    0.000ns

    Location             Delay type                Incr(ns)  Path(ns)    Netlist Resource(s)
  -------------------------------------------------------------------    -------------------
                         (clock sys_clk_pin rise edge)
                                                      0.000     0.000 r  
    W5                                                0.000     0.000 r  clk (IN)
                         net (fo=0)                   0.000     0.000    clk
    W5                   IBUF (Prop_ibuf_I_O)         1.458     1.458 r  clk_IBUF_inst/O
                         net (fo=1, routed)           1.967     3.425    clk_IBUF
    BUFGCTRL_X0Y1        BUFG (Prop_bufg_I_O)         0.096     3.521 r  clk_IBUF_BUFG_inst/O
                         net (fo=50, routed)          1.564     5.085    Debouncer_Unit/CLK
    SLICE_X36Y42         FDRE                                         r  Debouncer_Unit/pulse_cnt_reg[2]/C
  -------------------------------------------------------------------    -------------------
    SLICE_X36Y42         FDRE (Prop_fdre_C_Q)         0.456     5.541 r  Debouncer_Unit/pulse_cnt_reg[2]/Q
                         net (fo=3, routed)           0.871     6.412    Debouncer_Unit/pulse_cnt_reg[2]
    SLICE_X37Y42         LUT6 (Prop_lut6_I0_O)        0.124     6.536 r  Debouncer_Unit/pulse_cnt[0]_i_9/O
                         net (fo=1, routed)           0.403     6.939    Debouncer_Unit/pulse_cnt[0]_i_9_n_0
    SLICE_X37Y44         LUT5 (Prop_lut5_I3_O)        0.124     7.063 r  Debouncer_Unit/pulse_cnt[0]_i_8/O
                         net (fo=1, routed)           0.406     7.469    Debouncer_Unit/pulse_cnt[0]_i_8_n_0
    SLICE_X37Y45         LUT6 (Prop_lut6_I5_O)        0.124     7.593 r  Debouncer_Unit/pulse_cnt[0]_i_6/O
                         net (fo=1, routed)           0.433     8.026    Debouncer_Unit/pulse_cnt[0]_i_6_n_0
    SLICE_X37Y45         LUT6 (Prop_lut6_I4_O)        0.124     8.150 r  Debouncer_Unit/pulse_cnt[0]_i_3/O
                         net (fo=1, routed)           0.426     8.576    Debouncer_Unit/pulse_cnt[0]_i_3_n_0
    SLICE_X37Y46         LUT5 (Prop_lut5_I4_O)        0.124     8.700 r  Debouncer_Unit/pulse_cnt[0]_i_1/O
                         net (fo=24, routed)          0.804     9.504    Debouncer_Unit/pulse_cnt[0]_i_1_n_0
    SLICE_X36Y42         FDRE                                         r  Debouncer_Unit/pulse_cnt_reg[2]/CE
  -------------------------------------------------------------------    -------------------

                         (clock sys_clk_pin rise edge)
                                                     10.000    10.000 r  
    W5                                                0.000    10.000 r  clk (IN)
                         net (fo=0)                   0.000    10.000    clk
    W5                   IBUF (Prop_ibuf_I_O)         1.388    11.388 r  clk_IBUF_inst/O
                         net (fo=1, routed)           1.862    13.250    clk_IBUF
    BUFGCTRL_X0Y1        BUFG (Prop_bufg_I_O)         0.091    13.341 r  clk_IBUF_BUFG_inst/O
                         net (fo=50, routed)          1.444    14.785    Debouncer_Unit/CLK
    SLICE_X36Y42         FDRE                                         r  Debouncer_Unit/pulse_cnt_reg[2]/C
                         clock pessimism              0.300    15.085    
                         clock uncertainty           -0.035    15.050    
    SLICE_X36Y42         FDRE (Setup_fdre_C_CE)      -0.205    14.845    Debouncer_Unit/pulse_cnt_reg[2]
  -------------------------------------------------------------------
                         required time                         14.845    
                         arrival time                          -9.504    
  -------------------------------------------------------------------
                         slack                                  5.341    

Slack (MET) :             5.341ns  (required time - arrival time)
  Source:                 Debouncer_Unit/pulse_cnt_reg[2]/C
                            (rising edge-triggered cell FDRE clocked by sys_clk_pin  {rise@0.000ns fall@5.000ns period=10.000ns})
  Destination:            Debouncer_Unit/pulse_cnt_reg[3]/CE
                            (rising edge-triggered cell FDRE clocked by sys_clk_pin  {rise@0.000ns fall@5.000ns period=10.000ns})
  Path Group:             sys_clk_pin
  Path Type:              Setup (Max at Slow Process Corner)
  Requirement:            10.000ns  (sys_clk_pin rise@10.000ns - sys_clk_pin rise@0.000ns)
  Data Path Delay:        4.419ns  (logic 1.076ns (24.350%)  route 3.343ns (75.650%))
  Logic Levels:           5  (LUT5=2 LUT6=3)
  Clock Path Skew:        0.000ns (DCD - SCD + CPR)
    Destination Clock Delay (DCD):    4.785ns = ( 14.785 - 10.000 ) 
    Source Clock Delay      (SCD):    5.085ns
    Clock Pessimism Removal (CPR):    0.300ns
  Clock Uncertainty:      0.035ns  ((TSJ^2 + TIJ^2)^1/2 + DJ) / 2 + PE
    Total System Jitter     (TSJ):    0.071ns
    Total Input Jitter      (TIJ):    0.000ns
    Discrete Jitter          (DJ):    0.000ns
    Phase Error              (PE):    0.000ns

    Location             Delay type                Incr(ns)  Path(ns)    Netlist Resource(s)
  -------------------------------------------------------------------    -------------------
                         (clock sys_clk_pin rise edge)
                                                      0.000     0.000 r  
    W5                                                0.000     0.000 r  clk (IN)
                         net (fo=0)                   0.000     0.000    clk
    W5                   IBUF (Prop_ibuf_I_O)         1.458     1.458 r  clk_IBUF_inst/O
                         net (fo=1, routed)           1.967     3.425    clk_IBUF
    BUFGCTRL_X0Y1        BUFG (Prop_bufg_I_O)         0.096     3.521 r  clk_IBUF_BUFG_inst/O
                         net (fo=50, routed)          1.564     5.085    Debouncer_Unit/CLK
    SLICE_X36Y42         FDRE                                         r  Debouncer_Unit/pulse_cnt_reg[2]/C
  -------------------------------------------------------------------    -------------------
    SLICE_X36Y42         FDRE (Prop_fdre_C_Q)         0.456     5.541 r  Debouncer_Unit/pulse_cnt_reg[2]/Q
                         net (fo=3, routed)           0.871     6.412    Debouncer_Unit/pulse_cnt_reg[2]
    SLICE_X37Y42         LUT6 (Prop_lut6_I0_O)        0.124     6.536 r  Debouncer_Unit/pulse_cnt[0]_i_9/O
                         net (fo=1, routed)           0.403     6.939    Debouncer_Unit/pulse_cnt[0]_i_9_n_0
    SLICE_X37Y44         LUT5 (Prop_lut5_I3_O)        0.124     7.063 r  Debouncer_Unit/pulse_cnt[0]_i_8/O
                         net (fo=1, routed)           0.406     7.469    Debouncer_Unit/pulse_cnt[0]_i_8_n_0
    SLICE_X37Y45         LUT6 (Prop_lut6_I5_O)        0.124     7.593 r  Debouncer_Unit/pulse_cnt[0]_i_6/O
                         net (fo=1, routed)           0.433     8.026    Debouncer_Unit/pulse_cnt[0]_i_6_n_0
    SLICE_X37Y45         LUT6 (Prop_lut6_I4_O)        0.124     8.150 r  Debouncer_Unit/pulse_cnt[0]_i_3/O
                         net (fo=1, routed)           0.426     8.576    Debouncer_Unit/pulse_cnt[0]_i_3_n_0
    SLICE_X37Y46         LUT5 (Prop_lut5_I4_O)        0.124     8.700 r  Debouncer_Unit/pulse_cnt[0]_i_1/O
                         net (fo=24, routed)          0.804     9.504    Debouncer_Unit/pulse_cnt[0]_i_1_n_0
    SLICE_X36Y42         FDRE                                         r  Debouncer_Unit/pulse_cnt_reg[3]/CE
  -------------------------------------------------------------------    -------------------

                         (clock sys_clk_pin rise edge)
                                                     10.000    10.000 r  
    W5                                                0.000    10.000 r  clk (IN)
                         net (fo=0)                   0.000    10.000    clk
    W5                   IBUF (Prop_ibuf_I_O)         1.388    11.388 r  clk_IBUF_inst/O
                         net (fo=1, routed)           1.862    13.250    clk_IBUF
    BUFGCTRL_X0Y1        BUFG (Prop_bufg_I_O)         0.091    13.341 r  clk_IBUF_BUFG_inst/O
                         net (fo=50, routed)          1.444    14.785    Debouncer_Unit/CLK
    SLICE_X36Y42         FDRE                                         r  Debouncer_Unit/pulse_cnt_reg[3]/C
                         clock pessimism              0.300    15.085    
                         clock uncertainty           -0.035    15.050    
    SLICE_X36Y42         FDRE (Setup_fdre_C_CE)      -0.205    14.845    Debouncer_Unit/pulse_cnt_reg[3]
  -------------------------------------------------------------------
                         required time                         14.845    
                         arrival time                          -9.504    
  -------------------------------------------------------------------
                         slack                                  5.341    

Slack (MET) :             5.457ns  (required time - arrival time)
  Source:                 Debouncer_Unit/pulse_cnt_reg[2]/C
                            (rising edge-triggered cell FDRE clocked by sys_clk_pin  {rise@0.000ns fall@5.000ns period=10.000ns})
  Destination:            Debouncer_Unit/pulse_cnt_reg[4]/CE
                            (rising edge-triggered cell FDRE clocked by sys_clk_pin  {rise@0.000ns fall@5.000ns period=10.000ns})
  Path Group:             sys_clk_pin
  Path Type:              Setup (Max at Slow Process Corner)
  Requirement:            10.000ns  (sys_clk_pin rise@10.000ns - sys_clk_pin rise@0.000ns)
  Data Path Delay:        4.279ns  (logic 1.076ns (25.146%)  route 3.203ns (74.854%))
  Logic Levels:           5  (LUT5=2 LUT6=3)
  Clock Path Skew:        -0.024ns (DCD - SCD + CPR)
    Destination Clock Delay (DCD):    4.786ns = ( 14.786 - 10.000 ) 
    Source Clock Delay      (SCD):    5.085ns
    Clock Pessimism Removal (CPR):    0.275ns
  Clock Uncertainty:      0.035ns  ((TSJ^2 + TIJ^2)^1/2 + DJ) / 2 + PE
    Total System Jitter     (TSJ):    0.071ns
    Total Input Jitter      (TIJ):    0.000ns
    Discrete Jitter          (DJ):    0.000ns
    Phase Error              (PE):    0.000ns

    Location             Delay type                Incr(ns)  Path(ns)    Netlist Resource(s)
  -------------------------------------------------------------------    -------------------
                         (clock sys_clk_pin rise edge)
                                                      0.000     0.000 r  
    W5                                                0.000     0.000 r  clk (IN)
                         net (fo=0)                   0.000     0.000    clk
    W5                   IBUF (Prop_ibuf_I_O)         1.458     1.458 r  clk_IBUF_inst/O
                         net (fo=1, routed)           1.967     3.425    clk_IBUF
    BUFGCTRL_X0Y1        BUFG (Prop_bufg_I_O)         0.096     3.521 r  clk_IBUF_BUFG_inst/O
                         net (fo=50, routed)          1.564     5.085    Debouncer_Unit/CLK
    SLICE_X36Y42         FDRE                                         r  Debouncer_Unit/pulse_cnt_reg[2]/C
  -------------------------------------------------------------------    -------------------
    SLICE_X36Y42         FDRE (Prop_fdre_C_Q)         0.456     5.541 r  Debouncer_Unit/pulse_cnt_reg[2]/Q
                         net (fo=3, routed)           0.871     6.412    Debouncer_Unit/pulse_cnt_reg[2]
    SLICE_X37Y42         LUT6 (Prop_lut6_I0_O)        0.124     6.536 r  Debouncer_Unit/pulse_cnt[0]_i_9/O
                         net (fo=1, routed)           0.403     6.939    Debouncer_Unit/pulse_cnt[0]_i_9_n_0
    SLICE_X37Y44         LUT5 (Prop_lut5_I3_O)        0.124     7.063 r  Debouncer_Unit/pulse_cnt[0]_i_8/O
                         net (fo=1, routed)           0.406     7.469    Debouncer_Unit/pulse_cnt[0]_i_8_n_0
    SLICE_X37Y45         LUT6 (Prop_lut6_I5_O)        0.124     7.593 r  Debouncer_Unit/pulse_cnt[0]_i_6/O
                         net (fo=1, routed)           0.433     8.026    Debouncer_Unit/pulse_cnt[0]_i_6_n_0
    SLICE_X37Y45         LUT6 (Prop_lut6_I4_O)        0.124     8.150 r  Debouncer_Unit/pulse_cnt[0]_i_3/O
                         net (fo=1, routed)           0.426     8.576    Debouncer_Unit/pulse_cnt[0]_i_3_n_0
    SLICE_X37Y46         LUT5 (Prop_lut5_I4_O)        0.124     8.700 r  Debouncer_Unit/pulse_cnt[0]_i_1/O
                         net (fo=24, routed)          0.664     9.364    Debouncer_Unit/pulse_cnt[0]_i_1_n_0
    SLICE_X36Y43         FDRE                                         r  Debouncer_Unit/pulse_cnt_reg[4]/CE
  -------------------------------------------------------------------    -------------------

                         (clock sys_clk_pin rise edge)
                                                     10.000    10.000 r  
    W5                                                0.000    10.000 r  clk (IN)
                         net (fo=0)                   0.000    10.000    clk
    W5                   IBUF (Prop_ibuf_I_O)         1.388    11.388 r  clk_IBUF_inst/O
                         net (fo=1, routed)           1.862    13.250    clk_IBUF
    BUFGCTRL_X0Y1        BUFG (Prop_bufg_I_O)         0.091    13.341 r  clk_IBUF_BUFG_inst/O
                         net (fo=50, routed)          1.445    14.786    Debouncer_Unit/CLK
    SLICE_X36Y43         FDRE                                         r  Debouncer_Unit/pulse_cnt_reg[4]/C
                         clock pessimism              0.275    15.061    
                         clock uncertainty           -0.035    15.026    
    SLICE_X36Y43         FDRE (Setup_fdre_C_CE)      -0.205    14.821    Debouncer_Unit/pulse_cnt_reg[4]
  -------------------------------------------------------------------
                         required time                         14.821    
                         arrival time                          -9.364    
  -------------------------------------------------------------------
                         slack                                  5.457    

Slack (MET) :             5.457ns  (required time - arrival time)
  Source:                 Debouncer_Unit/pulse_cnt_reg[2]/C
                            (rising edge-triggered cell FDRE clocked by sys_clk_pin  {rise@0.000ns fall@5.000ns period=10.000ns})
  Destination:            Debouncer_Unit/pulse_cnt_reg[5]/CE
                            (rising edge-triggered cell FDRE clocked by sys_clk_pin  {rise@0.000ns fall@5.000ns period=10.000ns})
  Path Group:             sys_clk_pin
  Path Type:              Setup (Max at Slow Process Corner)
  Requirement:            10.000ns  (sys_clk_pin rise@10.000ns - sys_clk_pin rise@0.000ns)
  Data Path Delay:        4.279ns  (logic 1.076ns (25.146%)  route 3.203ns (74.854%))
  Logic Levels:           5  (LUT5=2 LUT6=3)
  Clock Path Skew:        -0.024ns (DCD - SCD + CPR)
    Destination Clock Delay (DCD):    4.786ns = ( 14.786 - 10.000 ) 
    Source Clock Delay      (SCD):    5.085ns
    Clock Pessimism Removal (CPR):    0.275ns
  Clock Uncertainty:      0.035ns  ((TSJ^2 + TIJ^2)^1/2 + DJ) / 2 + PE
    Total System Jitter     (TSJ):    0.071ns
    Total Input Jitter      (TIJ):    0.000ns
    Discrete Jitter          (DJ):    0.000ns
    Phase Error              (PE):    0.000ns

    Location             Delay type                Incr(ns)  Path(ns)    Netlist Resource(s)
  -------------------------------------------------------------------    -------------------
                         (clock sys_clk_pin rise edge)
                                                      0.000     0.000 r  
    W5                                                0.000     0.000 r  clk (IN)
                         net (fo=0)                   0.000     0.000    clk
    W5                   IBUF (Prop_ibuf_I_O)         1.458     1.458 r  clk_IBUF_inst/O
                         net (fo=1, routed)           1.967     3.425    clk_IBUF
    BUFGCTRL_X0Y1        BUFG (Prop_bufg_I_O)         0.096     3.521 r  clk_IBUF_BUFG_inst/O
                         net (fo=50, routed)          1.564     5.085    Debouncer_Unit/CLK
    SLICE_X36Y42         FDRE                                         r  Debouncer_Unit/pulse_cnt_reg[2]/C
  -------------------------------------------------------------------    -------------------
    SLICE_X36Y42         FDRE (Prop_fdre_C_Q)         0.456     5.541 r  Debouncer_Unit/pulse_cnt_reg[2]/Q
                         net (fo=3, routed)           0.871     6.412    Debouncer_Unit/pulse_cnt_reg[2]
    SLICE_X37Y42         LUT6 (Prop_lut6_I0_O)        0.124     6.536 r  Debouncer_Unit/pulse_cnt[0]_i_9/O
                         net (fo=1, routed)           0.403     6.939    Debouncer_Unit/pulse_cnt[0]_i_9_n_0
    SLICE_X37Y44         LUT5 (Prop_lut5_I3_O)        0.124     7.063 r  Debouncer_Unit/pulse_cnt[0]_i_8/O
                         net (fo=1, routed)           0.406     7.469    Debouncer_Unit/pulse_cnt[0]_i_8_n_0
    SLICE_X37Y45         LUT6 (Prop_lut6_I5_O)        0.124     7.593 r  Debouncer_Unit/pulse_cnt[0]_i_6/O
                         net (fo=1, routed)           0.433     8.026    Debouncer_Unit/pulse_cnt[0]_i_6_n_0
    SLICE_X37Y45         LUT6 (Prop_lut6_I4_O)        0.124     8.150 r  Debouncer_Unit/pulse_cnt[0]_i_3/O
                         net (fo=1, routed)           0.426     8.576    Debouncer_Unit/pulse_cnt[0]_i_3_n_0
    SLICE_X37Y46         LUT5 (Prop_lut5_I4_O)        0.124     8.700 r  Debouncer_Unit/pulse_cnt[0]_i_1/O
                         net (fo=24, routed)          0.664     9.364    Debouncer_Unit/pulse_cnt[0]_i_1_n_0
    SLICE_X36Y43         FDRE                                         r  Debouncer_Unit/pulse_cnt_reg[5]/CE
  -------------------------------------------------------------------    -------------------

                         (clock sys_clk_pin rise edge)
                                                     10.000    10.000 r  
    W5                                                0.000    10.000 r  clk (IN)
                         net (fo=0)                   0.000    10.000    clk
    W5                   IBUF (Prop_ibuf_I_O)         1.388    11.388 r  clk_IBUF_inst/O
                         net (fo=1, routed)           1.862    13.250    clk_IBUF
    BUFGCTRL_X0Y1        BUFG (Prop_bufg_I_O)         0.091    13.341 r  clk_IBUF_BUFG_inst/O
                         net (fo=50, routed)          1.445    14.786    Debouncer_Unit/CLK
    SLICE_X36Y43         FDRE                                         r  Debouncer_Unit/pulse_cnt_reg[5]/C
                         clock pessimism              0.275    15.061    
                         clock uncertainty           -0.035    15.026    
    SLICE_X36Y43         FDRE (Setup_fdre_C_CE)      -0.205    14.821    Debouncer_Unit/pulse_cnt_reg[5]
  -------------------------------------------------------------------
                         required time                         14.821    
                         arrival time                          -9.364    
  -------------------------------------------------------------------
                         slack                                  5.457    

Slack (MET) :             5.457ns  (required time - arrival time)
  Source:                 Debouncer_Unit/pulse_cnt_reg[2]/C
                            (rising edge-triggered cell FDRE clocked by sys_clk_pin  {rise@0.000ns fall@5.000ns period=10.000ns})
  Destination:            Debouncer_Unit/pulse_cnt_reg[6]/CE
                            (rising edge-triggered cell FDRE clocked by sys_clk_pin  {rise@0.000ns fall@5.000ns period=10.000ns})
  Path Group:             sys_clk_pin
  Path Type:              Setup (Max at Slow Process Corner)
  Requirement:            10.000ns  (sys_clk_pin rise@10.000ns - sys_clk_pin rise@0.000ns)
  Data Path Delay:        4.279ns  (logic 1.076ns (25.146%)  route 3.203ns (74.854%))
  Logic Levels:           5  (LUT5=2 LUT6=3)
  Clock Path Skew:        -0.024ns (DCD - SCD + CPR)
    Destination Clock Delay (DCD):    4.786ns = ( 14.786 - 10.000 ) 
    Source Clock Delay      (SCD):    5.085ns
    Clock Pessimism Removal (CPR):    0.275ns
  Clock Uncertainty:      0.035ns  ((TSJ^2 + TIJ^2)^1/2 + DJ) / 2 + PE
    Total System Jitter     (TSJ):    0.071ns
    Total Input Jitter      (TIJ):    0.000ns
    Discrete Jitter          (DJ):    0.000ns
    Phase Error              (PE):    0.000ns

    Location             Delay type                Incr(ns)  Path(ns)    Netlist Resource(s)
  -------------------------------------------------------------------    -------------------
                         (clock sys_clk_pin rise edge)
                                                      0.000     0.000 r  
    W5                                                0.000     0.000 r  clk (IN)
                         net (fo=0)                   0.000     0.000    clk
    W5                   IBUF (Prop_ibuf_I_O)         1.458     1.458 r  clk_IBUF_inst/O
                         net (fo=1, routed)           1.967     3.425    clk_IBUF
    BUFGCTRL_X0Y1        BUFG (Prop_bufg_I_O)         0.096     3.521 r  clk_IBUF_BUFG_inst/O
                         net (fo=50, routed)          1.564     5.085    Debouncer_Unit/CLK
    SLICE_X36Y42         FDRE                                         r  Debouncer_Unit/pulse_cnt_reg[2]/C
  -------------------------------------------------------------------    -------------------
    SLICE_X36Y42         FDRE (Prop_fdre_C_Q)         0.456     5.541 r  Debouncer_Unit/pulse_cnt_reg[2]/Q
                         net (fo=3, routed)           0.871     6.412    Debouncer_Unit/pulse_cnt_reg[2]
    SLICE_X37Y42         LUT6 (Prop_lut6_I0_O)        0.124     6.536 r  Debouncer_Unit/pulse_cnt[0]_i_9/O
                         net (fo=1, routed)           0.403     6.939    Debouncer_Unit/pulse_cnt[0]_i_9_n_0
    SLICE_X37Y44         LUT5 (Prop_lut5_I3_O)        0.124     7.063 r  Debouncer_Unit/pulse_cnt[0]_i_8/O
                         net (fo=1, routed)           0.406     7.469    Debouncer_Unit/pulse_cnt[0]_i_8_n_0
    SLICE_X37Y45         LUT6 (Prop_lut6_I5_O)        0.124     7.593 r  Debouncer_Unit/pulse_cnt[0]_i_6/O
                         net (fo=1, routed)           0.433     8.026    Debouncer_Unit/pulse_cnt[0]_i_6_n_0
    SLICE_X37Y45         LUT6 (Prop_lut6_I4_O)        0.124     8.150 r  Debouncer_Unit/pulse_cnt[0]_i_3/O
                         net (fo=1, routed)           0.426     8.576    Debouncer_Unit/pulse_cnt[0]_i_3_n_0
    SLICE_X37Y46         LUT5 (Prop_lut5_I4_O)        0.124     8.700 r  Debouncer_Unit/pulse_cnt[0]_i_1/O
                         net (fo=24, routed)          0.664     9.364    Debouncer_Unit/pulse_cnt[0]_i_1_n_0
    SLICE_X36Y43         FDRE                                         r  Debouncer_Unit/pulse_cnt_reg[6]/CE
  -------------------------------------------------------------------    -------------------

                         (clock sys_clk_pin rise edge)
                                                     10.000    10.000 r  
    W5                                                0.000    10.000 r  clk (IN)
                         net (fo=0)                   0.000    10.000    clk
    W5                   IBUF (Prop_ibuf_I_O)         1.388    11.388 r  clk_IBUF_inst/O
                         net (fo=1, routed)           1.862    13.250    clk_IBUF
    BUFGCTRL_X0Y1        BUFG (Prop_bufg_I_O)         0.091    13.341 r  clk_IBUF_BUFG_inst/O
                         net (fo=50, routed)          1.445    14.786    Debouncer_Unit/CLK
    SLICE_X36Y43         FDRE                                         r  Debouncer_Unit/pulse_cnt_reg[6]/C
                         clock pessimism              0.275    15.061    
                         clock uncertainty           -0.035    15.026    
    SLICE_X36Y43         FDRE (Setup_fdre_C_CE)      -0.205    14.821    Debouncer_Unit/pulse_cnt_reg[6]
  -------------------------------------------------------------------
                         required time                         14.821    
                         arrival time                          -9.364    
  -------------------------------------------------------------------
                         slack                                  5.457    

Slack (MET) :             5.457ns  (required time - arrival time)
  Source:                 Debouncer_Unit/pulse_cnt_reg[2]/C
                            (rising edge-triggered cell FDRE clocked by sys_clk_pin  {rise@0.000ns fall@5.000ns period=10.000ns})
  Destination:            Debouncer_Unit/pulse_cnt_reg[7]/CE
                            (rising edge-triggered cell FDRE clocked by sys_clk_pin  {rise@0.000ns fall@5.000ns period=10.000ns})
  Path Group:             sys_clk_pin
  Path Type:              Setup (Max at Slow Process Corner)
  Requirement:            10.000ns  (sys_clk_pin rise@10.000ns - sys_clk_pin rise@0.000ns)
  Data Path Delay:        4.279ns  (logic 1.076ns (25.146%)  route 3.203ns (74.854%))
  Logic Levels:           5  (LUT5=2 LUT6=3)
  Clock Path Skew:        -0.024ns (DCD - SCD + CPR)
    Destination Clock Delay (DCD):    4.786ns = ( 14.786 - 10.000 ) 
    Source Clock Delay      (SCD):    5.085ns
    Clock Pessimism Removal (CPR):    0.275ns
  Clock Uncertainty:      0.035ns  ((TSJ^2 + TIJ^2)^1/2 + DJ) / 2 + PE
    Total System Jitter     (TSJ):    0.071ns
    Total Input Jitter      (TIJ):    0.000ns
    Discrete Jitter          (DJ):    0.000ns
    Phase Error              (PE):    0.000ns

    Location             Delay type                Incr(ns)  Path(ns)    Netlist Resource(s)
  -------------------------------------------------------------------    -------------------
                         (clock sys_clk_pin rise edge)
                                                      0.000     0.000 r  
    W5                                                0.000     0.000 r  clk (IN)
                         net (fo=0)                   0.000     0.000    clk
    W5                   IBUF (Prop_ibuf_I_O)         1.458     1.458 r  clk_IBUF_inst/O
                         net (fo=1, routed)           1.967     3.425    clk_IBUF
    BUFGCTRL_X0Y1        BUFG (Prop_bufg_I_O)         0.096     3.521 r  clk_IBUF_BUFG_inst/O
                         net (fo=50, routed)          1.564     5.085    Debouncer_Unit/CLK
    SLICE_X36Y42         FDRE                                         r  Debouncer_Unit/pulse_cnt_reg[2]/C
  -------------------------------------------------------------------    -------------------
    SLICE_X36Y42         FDRE (Prop_fdre_C_Q)         0.456     5.541 r  Debouncer_Unit/pulse_cnt_reg[2]/Q
                         net (fo=3, routed)           0.871     6.412    Debouncer_Unit/pulse_cnt_reg[2]
    SLICE_X37Y42         LUT6 (Prop_lut6_I0_O)        0.124     6.536 r  Debouncer_Unit/pulse_cnt[0]_i_9/O
                         net (fo=1, routed)           0.403     6.939    Debouncer_Unit/pulse_cnt[0]_i_9_n_0
    SLICE_X37Y44         LUT5 (Prop_lut5_I3_O)        0.124     7.063 r  Debouncer_Unit/pulse_cnt[0]_i_8/O
                         net (fo=1, routed)           0.406     7.469    Debouncer_Unit/pulse_cnt[0]_i_8_n_0
    SLICE_X37Y45         LUT6 (Prop_lut6_I5_O)        0.124     7.593 r  Debouncer_Unit/pulse_cnt[0]_i_6/O
                         net (fo=1, routed)           0.433     8.026    Debouncer_Unit/pulse_cnt[0]_i_6_n_0
    SLICE_X37Y45         LUT6 (Prop_lut6_I4_O)        0.124     8.150 r  Debouncer_Unit/pulse_cnt[0]_i_3/O
                         net (fo=1, routed)           0.426     8.576    Debouncer_Unit/pulse_cnt[0]_i_3_n_0
    SLICE_X37Y46         LUT5 (Prop_lut5_I4_O)        0.124     8.700 r  Debouncer_Unit/pulse_cnt[0]_i_1/O
                         net (fo=24, routed)          0.664     9.364    Debouncer_Unit/pulse_cnt[0]_i_1_n_0
    SLICE_X36Y43         FDRE                                         r  Debouncer_Unit/pulse_cnt_reg[7]/CE
  -------------------------------------------------------------------    -------------------

                         (clock sys_clk_pin rise edge)
                                                     10.000    10.000 r  
    W5                                                0.000    10.000 r  clk (IN)
                         net (fo=0)                   0.000    10.000    clk
    W5                   IBUF (Prop_ibuf_I_O)         1.388    11.388 r  clk_IBUF_inst/O
                         net (fo=1, routed)           1.862    13.250    clk_IBUF
    BUFGCTRL_X0Y1        BUFG (Prop_bufg_I_O)         0.091    13.341 r  clk_IBUF_BUFG_inst/O
                         net (fo=50, routed)          1.445    14.786    Debouncer_Unit/CLK
    SLICE_X36Y43         FDRE                                         r  Debouncer_Unit/pulse_cnt_reg[7]/C
                         clock pessimism              0.275    15.061    
                         clock uncertainty           -0.035    15.026    
    SLICE_X36Y43         FDRE (Setup_fdre_C_CE)      -0.205    14.821    Debouncer_Unit/pulse_cnt_reg[7]
  -------------------------------------------------------------------
                         required time                         14.821    
                         arrival time                          -9.364    
  -------------------------------------------------------------------
                         slack                                  5.457    

Slack (MET) :             5.606ns  (required time - arrival time)
  Source:                 Debouncer_Unit/pulse_cnt_reg[2]/C
                            (rising edge-triggered cell FDRE clocked by sys_clk_pin  {rise@0.000ns fall@5.000ns period=10.000ns})
  Destination:            Debouncer_Unit/pulse_cnt_reg[10]/CE
                            (rising edge-triggered cell FDRE clocked by sys_clk_pin  {rise@0.000ns fall@5.000ns period=10.000ns})
  Path Group:             sys_clk_pin
  Path Type:              Setup (Max at Slow Process Corner)
  Requirement:            10.000ns  (sys_clk_pin rise@10.000ns - sys_clk_pin rise@0.000ns)
  Data Path Delay:        4.129ns  (logic 1.076ns (26.058%)  route 3.053ns (73.942%))
  Logic Levels:           5  (LUT5=2 LUT6=3)
  Clock Path Skew:        -0.024ns (DCD - SCD + CPR)
    Destination Clock Delay (DCD):    4.786ns = ( 14.786 - 10.000 ) 
    Source Clock Delay      (SCD):    5.085ns
    Clock Pessimism Removal (CPR):    0.275ns
  Clock Uncertainty:      0.035ns  ((TSJ^2 + TIJ^2)^1/2 + DJ) / 2 + PE
    Total System Jitter     (TSJ):    0.071ns
    Total Input Jitter      (TIJ):    0.000ns
    Discrete Jitter          (DJ):    0.000ns
    Phase Error              (PE):    0.000ns

    Location             Delay type                Incr(ns)  Path(ns)    Netlist Resource(s)
  -------------------------------------------------------------------    -------------------
                         (clock sys_clk_pin rise edge)
                                                      0.000     0.000 r  
    W5                                                0.000     0.000 r  clk (IN)
                         net (fo=0)                   0.000     0.000    clk
    W5                   IBUF (Prop_ibuf_I_O)         1.458     1.458 r  clk_IBUF_inst/O
                         net (fo=1, routed)           1.967     3.425    clk_IBUF
    BUFGCTRL_X0Y1        BUFG (Prop_bufg_I_O)         0.096     3.521 r  clk_IBUF_BUFG_inst/O
                         net (fo=50, routed)          1.564     5.085    Debouncer_Unit/CLK
    SLICE_X36Y42         FDRE                                         r  Debouncer_Unit/pulse_cnt_reg[2]/C
  -------------------------------------------------------------------    -------------------
    SLICE_X36Y42         FDRE (Prop_fdre_C_Q)         0.456     5.541 r  Debouncer_Unit/pulse_cnt_reg[2]/Q
                         net (fo=3, routed)           0.871     6.412    Debouncer_Unit/pulse_cnt_reg[2]
    SLICE_X37Y42         LUT6 (Prop_lut6_I0_O)        0.124     6.536 r  Debouncer_Unit/pulse_cnt[0]_i_9/O
                         net (fo=1, routed)           0.403     6.939    Debouncer_Unit/pulse_cnt[0]_i_9_n_0
    SLICE_X37Y44         LUT5 (Prop_lut5_I3_O)        0.124     7.063 r  Debouncer_Unit/pulse_cnt[0]_i_8/O
                         net (fo=1, routed)           0.406     7.469    Debouncer_Unit/pulse_cnt[0]_i_8_n_0
    SLICE_X37Y45         LUT6 (Prop_lut6_I5_O)        0.124     7.593 r  Debouncer_Unit/pulse_cnt[0]_i_6/O
                         net (fo=1, routed)           0.433     8.026    Debouncer_Unit/pulse_cnt[0]_i_6_n_0
    SLICE_X37Y45         LUT6 (Prop_lut6_I4_O)        0.124     8.150 r  Debouncer_Unit/pulse_cnt[0]_i_3/O
                         net (fo=1, routed)           0.426     8.576    Debouncer_Unit/pulse_cnt[0]_i_3_n_0
    SLICE_X37Y46         LUT5 (Prop_lut5_I4_O)        0.124     8.700 r  Debouncer_Unit/pulse_cnt[0]_i_1/O
                         net (fo=24, routed)          0.514     9.215    Debouncer_Unit/pulse_cnt[0]_i_1_n_0
    SLICE_X36Y44         FDRE                                         r  Debouncer_Unit/pulse_cnt_reg[10]/CE
  -------------------------------------------------------------------    -------------------

                         (clock sys_clk_pin rise edge)
                                                     10.000    10.000 r  
    W5                                                0.000    10.000 r  clk (IN)
                         net (fo=0)                   0.000    10.000    clk
    W5                   IBUF (Prop_ibuf_I_O)         1.388    11.388 r  clk_IBUF_inst/O
                         net (fo=1, routed)           1.862    13.250    clk_IBUF
    BUFGCTRL_X0Y1        BUFG (Prop_bufg_I_O)         0.091    13.341 r  clk_IBUF_BUFG_inst/O
                         net (fo=50, routed)          1.445    14.786    Debouncer_Unit/CLK
    SLICE_X36Y44         FDRE                                         r  Debouncer_Unit/pulse_cnt_reg[10]/C
                         clock pessimism              0.275    15.061    
                         clock uncertainty           -0.035    15.026    
    SLICE_X36Y44         FDRE (Setup_fdre_C_CE)      -0.205    14.821    Debouncer_Unit/pulse_cnt_reg[10]
  -------------------------------------------------------------------
                         required time                         14.821    
                         arrival time                          -9.215    
  -------------------------------------------------------------------
                         slack                                  5.606    

Slack (MET) :             5.606ns  (required time - arrival time)
  Source:                 Debouncer_Unit/pulse_cnt_reg[2]/C
                            (rising edge-triggered cell FDRE clocked by sys_clk_pin  {rise@0.000ns fall@5.000ns period=10.000ns})
  Destination:            Debouncer_Unit/pulse_cnt_reg[11]/CE
                            (rising edge-triggered cell FDRE clocked by sys_clk_pin  {rise@0.000ns fall@5.000ns period=10.000ns})
  Path Group:             sys_clk_pin
  Path Type:              Setup (Max at Slow Process Corner)
  Requirement:            10.000ns  (sys_clk_pin rise@10.000ns - sys_clk_pin rise@0.000ns)
  Data Path Delay:        4.129ns  (logic 1.076ns (26.058%)  route 3.053ns (73.942%))
  Logic Levels:           5  (LUT5=2 LUT6=3)
  Clock Path Skew:        -0.024ns (DCD - SCD + CPR)
    Destination Clock Delay (DCD):    4.786ns = ( 14.786 - 10.000 ) 
    Source Clock Delay      (SCD):    5.085ns
    Clock Pessimism Removal (CPR):    0.275ns
  Clock Uncertainty:      0.035ns  ((TSJ^2 + TIJ^2)^1/2 + DJ) / 2 + PE
    Total System Jitter     (TSJ):    0.071ns
    Total Input Jitter      (TIJ):    0.000ns
    Discrete Jitter          (DJ):    0.000ns
    Phase Error              (PE):    0.000ns

    Location             Delay type                Incr(ns)  Path(ns)    Netlist Resource(s)
  -------------------------------------------------------------------    -------------------
                         (clock sys_clk_pin rise edge)
                                                      0.000     0.000 r  
    W5                                                0.000     0.000 r  clk (IN)
                         net (fo=0)                   0.000     0.000    clk
    W5                   IBUF (Prop_ibuf_I_O)         1.458     1.458 r  clk_IBUF_inst/O
                         net (fo=1, routed)           1.967     3.425    clk_IBUF
    BUFGCTRL_X0Y1        BUFG (Prop_bufg_I_O)         0.096     3.521 r  clk_IBUF_BUFG_inst/O
                         net (fo=50, routed)          1.564     5.085    Debouncer_Unit/CLK
    SLICE_X36Y42         FDRE                                         r  Debouncer_Unit/pulse_cnt_reg[2]/C
  -------------------------------------------------------------------    -------------------
    SLICE_X36Y42         FDRE (Prop_fdre_C_Q)         0.456     5.541 r  Debouncer_Unit/pulse_cnt_reg[2]/Q
                         net (fo=3, routed)           0.871     6.412    Debouncer_Unit/pulse_cnt_reg[2]
    SLICE_X37Y42         LUT6 (Prop_lut6_I0_O)        0.124     6.536 r  Debouncer_Unit/pulse_cnt[0]_i_9/O
                         net (fo=1, routed)           0.403     6.939    Debouncer_Unit/pulse_cnt[0]_i_9_n_0
    SLICE_X37Y44         LUT5 (Prop_lut5_I3_O)        0.124     7.063 r  Debouncer_Unit/pulse_cnt[0]_i_8/O
                         net (fo=1, routed)           0.406     7.469    Debouncer_Unit/pulse_cnt[0]_i_8_n_0
    SLICE_X37Y45         LUT6 (Prop_lut6_I5_O)        0.124     7.593 r  Debouncer_Unit/pulse_cnt[0]_i_6/O
                         net (fo=1, routed)           0.433     8.026    Debouncer_Unit/pulse_cnt[0]_i_6_n_0
    SLICE_X37Y45         LUT6 (Prop_lut6_I4_O)        0.124     8.150 r  Debouncer_Unit/pulse_cnt[0]_i_3/O
                         net (fo=1, routed)           0.426     8.576    Debouncer_Unit/pulse_cnt[0]_i_3_n_0
    SLICE_X37Y46         LUT5 (Prop_lut5_I4_O)        0.124     8.700 r  Debouncer_Unit/pulse_cnt[0]_i_1/O
                         net (fo=24, routed)          0.514     9.215    Debouncer_Unit/pulse_cnt[0]_i_1_n_0
    SLICE_X36Y44         FDRE                                         r  Debouncer_Unit/pulse_cnt_reg[11]/CE
  -------------------------------------------------------------------    -------------------

                         (clock sys_clk_pin rise edge)
                                                     10.000    10.000 r  
    W5                                                0.000    10.000 r  clk (IN)
                         net (fo=0)                   0.000    10.000    clk
    W5                   IBUF (Prop_ibuf_I_O)         1.388    11.388 r  clk_IBUF_inst/O
                         net (fo=1, routed)           1.862    13.250    clk_IBUF
    BUFGCTRL_X0Y1        BUFG (Prop_bufg_I_O)         0.091    13.341 r  clk_IBUF_BUFG_inst/O
                         net (fo=50, routed)          1.445    14.786    Debouncer_Unit/CLK
    SLICE_X36Y44         FDRE                                         r  Debouncer_Unit/pulse_cnt_reg[11]/C
                         clock pessimism              0.275    15.061    
                         clock uncertainty           -0.035    15.026    
    SLICE_X36Y44         FDRE (Setup_fdre_C_CE)      -0.205    14.821    Debouncer_Unit/pulse_cnt_reg[11]
  -------------------------------------------------------------------
                         required time                         14.821    
                         arrival time                          -9.215    
  -------------------------------------------------------------------
                         slack                                  5.606    





Min Delay Paths
--------------------------------------------------------------------------------------
Slack (MET) :             0.197ns  (arrival time - required time)
  Source:                 SSD_Unit/refresh_counter_reg[19]/C
                            (rising edge-triggered cell FDRE clocked by sys_clk_pin  {rise@0.000ns fall@5.000ns period=10.000ns})
  Destination:            SSD_Unit/digit_select_reg[1]/D
                            (rising edge-triggered cell FDRE clocked by sys_clk_pin  {rise@0.000ns fall@5.000ns period=10.000ns})
  Path Group:             sys_clk_pin
  Path Type:              Hold (Min at Fast Process Corner)
  Requirement:            0.000ns  (sys_clk_pin rise@0.000ns - sys_clk_pin rise@0.000ns)
  Data Path Delay:        0.262ns  (logic 0.141ns (53.808%)  route 0.121ns (46.192%))
  Logic Levels:           0  
  Clock Path Skew:        0.013ns (DCD - SCD - CPR)
    Destination Clock Delay (DCD):    1.993ns
    Source Clock Delay      (SCD):    1.478ns
    Clock Pessimism Removal (CPR):    0.502ns

    Location             Delay type                Incr(ns)  Path(ns)    Netlist Resource(s)
  -------------------------------------------------------------------    -------------------
                         (clock sys_clk_pin rise edge)
                                                      0.000     0.000 r  
    W5                                                0.000     0.000 r  clk (IN)
                         net (fo=0)                   0.000     0.000    clk
    W5                   IBUF (Prop_ibuf_I_O)         0.226     0.226 r  clk_IBUF_inst/O
                         net (fo=1, routed)           0.631     0.858    clk_IBUF
    BUFGCTRL_X0Y1        BUFG (Prop_bufg_I_O)         0.026     0.884 r  clk_IBUF_BUFG_inst/O
                         net (fo=50, routed)          0.595     1.478    SSD_Unit/CLK
    SLICE_X65Y6          FDRE                                         r  SSD_Unit/refresh_counter_reg[19]/C
  -------------------------------------------------------------------    -------------------
    SLICE_X65Y6          FDRE (Prop_fdre_C_Q)         0.141     1.619 r  SSD_Unit/refresh_counter_reg[19]/Q
                         net (fo=2, routed)           0.121     1.740    SSD_Unit/p_0_in[1]
    SLICE_X64Y6          FDRE                                         r  SSD_Unit/digit_select_reg[1]/D
  -------------------------------------------------------------------    -------------------

                         (clock sys_clk_pin rise edge)
                                                      0.000     0.000 r  
    W5                                                0.000     0.000 r  clk (IN)
                         net (fo=0)                   0.000     0.000    clk
    W5                   IBUF (Prop_ibuf_I_O)         0.414     0.414 r  clk_IBUF_inst/O
                         net (fo=1, routed)           0.685     1.099    clk_IBUF
    BUFGCTRL_X0Y1        BUFG (Prop_bufg_I_O)         0.029     1.128 r  clk_IBUF_BUFG_inst/O
                         net (fo=50, routed)          0.866     1.993    SSD_Unit/CLK
    SLICE_X64Y6          FDRE                                         r  SSD_Unit/digit_select_reg[1]/C
                         clock pessimism             -0.502     1.491    
    SLICE_X64Y6          FDRE (Hold_fdre_C_D)         0.052     1.543    SSD_Unit/digit_select_reg[1]
  -------------------------------------------------------------------
                         required time                         -1.543    
                         arrival time                           1.740    
  -------------------------------------------------------------------
                         slack                                  0.197    

Slack (MET) :             0.205ns  (arrival time - required time)
  Source:                 Debouncer_Unit/btn_sync_reg[0]/C
                            (rising edge-triggered cell FDRE clocked by sys_clk_pin  {rise@0.000ns fall@5.000ns period=10.000ns})
  Destination:            Debouncer_Unit/btn_edge_reg/D
                            (rising edge-triggered cell FDRE clocked by sys_clk_pin  {rise@0.000ns fall@5.000ns period=10.000ns})
  Path Group:             sys_clk_pin
  Path Type:              Hold (Min at Fast Process Corner)
  Requirement:            0.000ns  (sys_clk_pin rise@0.000ns - sys_clk_pin rise@0.000ns)
  Data Path Delay:        0.296ns  (logic 0.227ns (76.806%)  route 0.069ns (23.194%))
  Logic Levels:           1  (LUT2=1)
  Clock Path Skew:        0.000ns (DCD - SCD - CPR)
    Destination Clock Delay (DCD):    1.959ns
    Source Clock Delay      (SCD):    1.446ns
    Clock Pessimism Removal (CPR):    0.513ns

    Location             Delay type                Incr(ns)  Path(ns)    Netlist Resource(s)
  -------------------------------------------------------------------    -------------------
                         (clock sys_clk_pin rise edge)
                                                      0.000     0.000 r  
    W5                                                0.000     0.000 r  clk (IN)
                         net (fo=0)                   0.000     0.000    clk
    W5                   IBUF (Prop_ibuf_I_O)         0.226     0.226 r  clk_IBUF_inst/O
                         net (fo=1, routed)           0.631     0.858    clk_IBUF
    BUFGCTRL_X0Y1        BUFG (Prop_bufg_I_O)         0.026     0.884 r  clk_IBUF_BUFG_inst/O
                         net (fo=50, routed)          0.563     1.446    Debouncer_Unit/CLK
    SLICE_X37Y43         FDRE                                         r  Debouncer_Unit/btn_sync_reg[0]/C
  -------------------------------------------------------------------    -------------------
    SLICE_X37Y43         FDRE (Prop_fdre_C_Q)         0.128     1.574 f  Debouncer_Unit/btn_sync_reg[0]/Q
                         net (fo=2, routed)           0.069     1.643    Debouncer_Unit/btn_sync[0]
    SLICE_X37Y43         LUT2 (Prop_lut2_I1_O)        0.099     1.742 r  Debouncer_Unit/btn_edge_i_1/O
                         net (fo=1, routed)           0.000     1.742    Debouncer_Unit/btn_edge0
    SLICE_X37Y43         FDRE                                         r  Debouncer_Unit/btn_edge_reg/D
  -------------------------------------------------------------------    -------------------

                         (clock sys_clk_pin rise edge)
                                                      0.000     0.000 r  
    W5                                                0.000     0.000 r  clk (IN)
                         net (fo=0)                   0.000     0.000    clk
    W5                   IBUF (Prop_ibuf_I_O)         0.414     0.414 r  clk_IBUF_inst/O
                         net (fo=1, routed)           0.685     1.099    clk_IBUF
    BUFGCTRL_X0Y1        BUFG (Prop_bufg_I_O)         0.029     1.128 r  clk_IBUF_BUFG_inst/O
                         net (fo=50, routed)          0.832     1.959    Debouncer_Unit/CLK
    SLICE_X37Y43         FDRE                                         r  Debouncer_Unit/btn_edge_reg/C
                         clock pessimism             -0.513     1.446    
    SLICE_X37Y43         FDRE (Hold_fdre_C_D)         0.091     1.537    Debouncer_Unit/btn_edge_reg
  -------------------------------------------------------------------
                         required time                         -1.537    
                         arrival time                           1.742    
  -------------------------------------------------------------------
                         slack                                  0.205    

Slack (MET) :             0.206ns  (arrival time - required time)
  Source:                 Debouncer_Unit/pulse_cnt_reg[22]/C
                            (rising edge-triggered cell FDRE clocked by sys_clk_pin  {rise@0.000ns fall@5.000ns period=10.000ns})
  Destination:            Debouncer_Unit/pulse_on_reg/D
                            (rising edge-triggered cell FDRE clocked by sys_clk_pin  {rise@0.000ns fall@5.000ns period=10.000ns})
  Path Group:             sys_clk_pin
  Path Type:              Hold (Min at Fast Process Corner)
  Requirement:            0.000ns  (sys_clk_pin rise@0.000ns - sys_clk_pin rise@0.000ns)
  Data Path Delay:        0.313ns  (logic 0.186ns (59.433%)  route 0.127ns (40.567%))
  Logic Levels:           1  (LUT6=1)
  Clock Path Skew:        0.015ns (DCD - SCD - CPR)
    Destination Clock Delay (DCD):    1.959ns
    Source Clock Delay      (SCD):    1.447ns
    Clock Pessimism Removal (CPR):    0.497ns

    Location             Delay type                Incr(ns)  Path(ns)    Netlist Resource(s)
  -------------------------------------------------------------------    -------------------
                         (clock sys_clk_pin rise edge)
                                                      0.000     0.000 r  
    W5                                                0.000     0.000 r  clk (IN)
                         net (fo=0)                   0.000     0.000    clk
    W5                   IBUF (Prop_ibuf_I_O)         0.226     0.226 r  clk_IBUF_inst/O
                         net (fo=1, routed)           0.631     0.858    clk_IBUF
    BUFGCTRL_X0Y1        BUFG (Prop_bufg_I_O)         0.026     0.884 r  clk_IBUF_BUFG_inst/O
                         net (fo=50, routed)          0.564     1.447    Debouncer_Unit/CLK
    SLICE_X36Y47         FDRE                                         r  Debouncer_Unit/pulse_cnt_reg[22]/C
  -------------------------------------------------------------------    -------------------
    SLICE_X36Y47         FDRE (Prop_fdre_C_Q)         0.141     1.588 r  Debouncer_Unit/pulse_cnt_reg[22]/Q
                         net (fo=3, routed)           0.127     1.715    Debouncer_Unit/pulse_cnt_reg[22]
    SLICE_X37Y46         LUT6 (Prop_lut6_I1_O)        0.045     1.760 r  Debouncer_Unit/pulse_on_i_1/O
                         net (fo=1, routed)           0.000     1.760    Debouncer_Unit/pulse_on_i_1_n_0
    SLICE_X37Y46         FDRE                                         r  Debouncer_Unit/pulse_on_reg/D
  -------------------------------------------------------------------    -------------------

                         (clock sys_clk_pin rise edge)
                                                      0.000     0.000 r  
    W5                                                0.000     0.000 r  clk (IN)
                         net (fo=0)                   0.000     0.000    clk
    W5                   IBUF (Prop_ibuf_I_O)         0.414     0.414 r  clk_IBUF_inst/O
                         net (fo=1, routed)           0.685     1.099    clk_IBUF
    BUFGCTRL_X0Y1        BUFG (Prop_bufg_I_O)         0.029     1.128 r  clk_IBUF_BUFG_inst/O
                         net (fo=50, routed)          0.832     1.959    Debouncer_Unit/CLK
    SLICE_X37Y46         FDRE                                         r  Debouncer_Unit/pulse_on_reg/C
                         clock pessimism             -0.497     1.462    
    SLICE_X37Y46         FDRE (Hold_fdre_C_D)         0.092     1.554    Debouncer_Unit/pulse_on_reg
  -------------------------------------------------------------------
                         required time                         -1.554    
                         arrival time                           1.760    
  -------------------------------------------------------------------
                         slack                                  0.206    

Slack (MET) :             0.250ns  (arrival time - required time)
  Source:                 Debouncer_Unit/btn_sync_reg[0]/C
                            (rising edge-triggered cell FDRE clocked by sys_clk_pin  {rise@0.000ns fall@5.000ns period=10.000ns})
  Destination:            Debouncer_Unit/btn_sync_reg[1]/D
                            (rising edge-triggered cell FDRE clocked by sys_clk_pin  {rise@0.000ns fall@5.000ns period=10.000ns})
  Path Group:             sys_clk_pin
  Path Type:              Hold (Min at Fast Process Corner)
  Requirement:            0.000ns  (sys_clk_pin rise@0.000ns - sys_clk_pin rise@0.000ns)
  Data Path Delay:        0.262ns  (logic 0.128ns (48.889%)  route 0.134ns (51.111%))
  Logic Levels:           0  
  Clock Path Skew:        0.000ns (DCD - SCD - CPR)
    Destination Clock Delay (DCD):    1.959ns
    Source Clock Delay      (SCD):    1.446ns
    Clock Pessimism Removal (CPR):    0.513ns

    Location             Delay type                Incr(ns)  Path(ns)    Netlist Resource(s)
  -------------------------------------------------------------------    -------------------
                         (clock sys_clk_pin rise edge)
                                                      0.000     0.000 r  
    W5                                                0.000     0.000 r  clk (IN)
                         net (fo=0)                   0.000     0.000    clk
    W5                   IBUF (Prop_ibuf_I_O)         0.226     0.226 r  clk_IBUF_inst/O
                         net (fo=1, routed)           0.631     0.858    clk_IBUF
    BUFGCTRL_X0Y1        BUFG (Prop_bufg_I_O)         0.026     0.884 r  clk_IBUF_BUFG_inst/O
                         net (fo=50, routed)          0.563     1.446    Debouncer_Unit/CLK
    SLICE_X37Y43         FDRE                                         r  Debouncer_Unit/btn_sync_reg[0]/C
  -------------------------------------------------------------------    -------------------
    SLICE_X37Y43         FDRE (Prop_fdre_C_Q)         0.128     1.574 r  Debouncer_Unit/btn_sync_reg[0]/Q
                         net (fo=2, routed)           0.134     1.708    Debouncer_Unit/btn_sync[0]
    SLICE_X37Y43         FDRE                                         r  Debouncer_Unit/btn_sync_reg[1]/D
  -------------------------------------------------------------------    -------------------

                         (clock sys_clk_pin rise edge)
                                                      0.000     0.000 r  
    W5                                                0.000     0.000 r  clk (IN)
                         net (fo=0)                   0.000     0.000    clk
    W5                   IBUF (Prop_ibuf_I_O)         0.414     0.414 r  clk_IBUF_inst/O
                         net (fo=1, routed)           0.685     1.099    clk_IBUF
    BUFGCTRL_X0Y1        BUFG (Prop_bufg_I_O)         0.029     1.128 r  clk_IBUF_BUFG_inst/O
                         net (fo=50, routed)          0.832     1.959    Debouncer_Unit/CLK
    SLICE_X37Y43         FDRE                                         r  Debouncer_Unit/btn_sync_reg[1]/C
                         clock pessimism             -0.513     1.446    
    SLICE_X37Y43         FDRE (Hold_fdre_C_D)         0.012     1.458    Debouncer_Unit/btn_sync_reg[1]
  -------------------------------------------------------------------
                         required time                         -1.458    
                         arrival time                           1.708    
  -------------------------------------------------------------------
                         slack                                  0.250    

Slack (MET) :             0.252ns  (arrival time - required time)
  Source:                 SSD_Unit/refresh_counter_reg[11]/C
                            (rising edge-triggered cell FDRE clocked by sys_clk_pin  {rise@0.000ns fall@5.000ns period=10.000ns})
  Destination:            SSD_Unit/refresh_counter_reg[11]/D
                            (rising edge-triggered cell FDRE clocked by sys_clk_pin  {rise@0.000ns fall@5.000ns period=10.000ns})
  Path Group:             sys_clk_pin
  Path Type:              Hold (Min at Fast Process Corner)
  Requirement:            0.000ns  (sys_clk_pin rise@0.000ns - sys_clk_pin rise@0.000ns)
  Data Path Delay:        0.357ns  (logic 0.249ns (69.714%)  route 0.108ns (30.286%))
  Logic Levels:           1  (CARRY4=1)
  Clock Path Skew:        0.000ns (DCD - SCD - CPR)
    Destination Clock Delay (DCD):    1.993ns
    Source Clock Delay      (SCD):    1.478ns
    Clock Pessimism Removal (CPR):    0.515ns

    Location             Delay type                Incr(ns)  Path(ns)    Netlist Resource(s)
  -------------------------------------------------------------------    -------------------
                         (clock sys_clk_pin rise edge)
                                                      0.000     0.000 r  
    W5                                                0.000     0.000 r  clk (IN)
                         net (fo=0)                   0.000     0.000    clk
    W5                   IBUF (Prop_ibuf_I_O)         0.226     0.226 r  clk_IBUF_inst/O
                         net (fo=1, routed)           0.631     0.858    clk_IBUF
    BUFGCTRL_X0Y1        BUFG (Prop_bufg_I_O)         0.026     0.884 r  clk_IBUF_BUFG_inst/O
                         net (fo=50, routed)          0.595     1.478    SSD_Unit/CLK
    SLICE_X65Y4          FDRE                                         r  SSD_Unit/refresh_counter_reg[11]/C
  -------------------------------------------------------------------    -------------------
    SLICE_X65Y4          FDRE (Prop_fdre_C_Q)         0.141     1.619 r  SSD_Unit/refresh_counter_reg[11]/Q
                         net (fo=1, routed)           0.108     1.727    SSD_Unit/refresh_counter_reg_n_0_[11]
    SLICE_X65Y4          CARRY4 (Prop_carry4_S[3]_O[3])
                                                      0.108     1.835 r  SSD_Unit/refresh_counter_reg[8]_i_1/O[3]
                         net (fo=1, routed)           0.000     1.835    SSD_Unit/refresh_counter_reg[8]_i_1_n_4
    SLICE_X65Y4          FDRE                                         r  SSD_Unit/refresh_counter_reg[11]/D
  -------------------------------------------------------------------    -------------------

                         (clock sys_clk_pin rise edge)
                                                      0.000     0.000 r  
    W5                                                0.000     0.000 r  clk (IN)
                         net (fo=0)                   0.000     0.000    clk
    W5                   IBUF (Prop_ibuf_I_O)         0.414     0.414 r  clk_IBUF_inst/O
                         net (fo=1, routed)           0.685     1.099    clk_IBUF
    BUFGCTRL_X0Y1        BUFG (Prop_bufg_I_O)         0.029     1.128 r  clk_IBUF_BUFG_inst/O
                         net (fo=50, routed)          0.866     1.993    SSD_Unit/CLK
    SLICE_X65Y4          FDRE                                         r  SSD_Unit/refresh_counter_reg[11]/C
                         clock pessimism             -0.515     1.478    
    SLICE_X65Y4          FDRE (Hold_fdre_C_D)         0.105     1.583    SSD_Unit/refresh_counter_reg[11]
  -------------------------------------------------------------------
                         required time                         -1.583    
                         arrival time                           1.835    
  -------------------------------------------------------------------
                         slack                                  0.252    

Slack (MET) :             0.252ns  (arrival time - required time)
  Source:                 SSD_Unit/refresh_counter_reg[15]/C
                            (rising edge-triggered cell FDRE clocked by sys_clk_pin  {rise@0.000ns fall@5.000ns period=10.000ns})
  Destination:            SSD_Unit/refresh_counter_reg[15]/D
                            (rising edge-triggered cell FDRE clocked by sys_clk_pin  {rise@0.000ns fall@5.000ns period=10.000ns})
  Path Group:             sys_clk_pin
  Path Type:              Hold (Min at Fast Process Corner)
  Requirement:            0.000ns  (sys_clk_pin rise@0.000ns - sys_clk_pin rise@0.000ns)
  Data Path Delay:        0.357ns  (logic 0.249ns (69.714%)  route 0.108ns (30.286%))
  Logic Levels:           1  (CARRY4=1)
  Clock Path Skew:        0.000ns (DCD - SCD - CPR)
    Destination Clock Delay (DCD):    1.993ns
    Source Clock Delay      (SCD):    1.478ns
    Clock Pessimism Removal (CPR):    0.515ns

    Location             Delay type                Incr(ns)  Path(ns)    Netlist Resource(s)
  -------------------------------------------------------------------    -------------------
                         (clock sys_clk_pin rise edge)
                                                      0.000     0.000 r  
    W5                                                0.000     0.000 r  clk (IN)
                         net (fo=0)                   0.000     0.000    clk
    W5                   IBUF (Prop_ibuf_I_O)         0.226     0.226 r  clk_IBUF_inst/O
                         net (fo=1, routed)           0.631     0.858    clk_IBUF
    BUFGCTRL_X0Y1        BUFG (Prop_bufg_I_O)         0.026     0.884 r  clk_IBUF_BUFG_inst/O
                         net (fo=50, routed)          0.595     1.478    SSD_Unit/CLK
    SLICE_X65Y5          FDRE                                         r  SSD_Unit/refresh_counter_reg[15]/C
  -------------------------------------------------------------------    -------------------
    SLICE_X65Y5          FDRE (Prop_fdre_C_Q)         0.141     1.619 r  SSD_Unit/refresh_counter_reg[15]/Q
                         net (fo=1, routed)           0.108     1.727    SSD_Unit/refresh_counter_reg_n_0_[15]
    SLICE_X65Y5          CARRY4 (Prop_carry4_S[3]_O[3])
                                                      0.108     1.835 r  SSD_Unit/refresh_counter_reg[12]_i_1/O[3]
                         net (fo=1, routed)           0.000     1.835    SSD_Unit/refresh_counter_reg[12]_i_1_n_4
    SLICE_X65Y5          FDRE                                         r  SSD_Unit/refresh_counter_reg[15]/D
  -------------------------------------------------------------------    -------------------

                         (clock sys_clk_pin rise edge)
                                                      0.000     0.000 r  
    W5                                                0.000     0.000 r  clk (IN)
                         net (fo=0)                   0.000     0.000    clk
    W5                   IBUF (Prop_ibuf_I_O)         0.414     0.414 r  clk_IBUF_inst/O
                         net (fo=1, routed)           0.685     1.099    clk_IBUF
    BUFGCTRL_X0Y1        BUFG (Prop_bufg_I_O)         0.029     1.128 r  clk_IBUF_BUFG_inst/O
                         net (fo=50, routed)          0.866     1.993    SSD_Unit/CLK
    SLICE_X65Y5          FDRE                                         r  SSD_Unit/refresh_counter_reg[15]/C
                         clock pessimism             -0.515     1.478    
    SLICE_X65Y5          FDRE (Hold_fdre_C_D)         0.105     1.583    SSD_Unit/refresh_counter_reg[15]
  -------------------------------------------------------------------
                         required time                         -1.583    
                         arrival time                           1.835    
  -------------------------------------------------------------------
                         slack                                  0.252    

Slack (MET) :             0.252ns  (arrival time - required time)
  Source:                 SSD_Unit/refresh_counter_reg[3]/C
                            (rising edge-triggered cell FDRE clocked by sys_clk_pin  {rise@0.000ns fall@5.000ns period=10.000ns})
  Destination:            SSD_Unit/refresh_counter_reg[3]/D
                            (rising edge-triggered cell FDRE clocked by sys_clk_pin  {rise@0.000ns fall@5.000ns period=10.000ns})
  Path Group:             sys_clk_pin
  Path Type:              Hold (Min at Fast Process Corner)
  Requirement:            0.000ns  (sys_clk_pin rise@0.000ns - sys_clk_pin rise@0.000ns)
  Data Path Delay:        0.357ns  (logic 0.249ns (69.714%)  route 0.108ns (30.286%))
  Logic Levels:           1  (CARRY4=1)
  Clock Path Skew:        0.000ns (DCD - SCD - CPR)
    Destination Clock Delay (DCD):    1.994ns
    Source Clock Delay      (SCD):    1.479ns
    Clock Pessimism Removal (CPR):    0.515ns

    Location             Delay type                Incr(ns)  Path(ns)    Netlist Resource(s)
  -------------------------------------------------------------------    -------------------
                         (clock sys_clk_pin rise edge)
                                                      0.000     0.000 r  
    W5                                                0.000     0.000 r  clk (IN)
                         net (fo=0)                   0.000     0.000    clk
    W5                   IBUF (Prop_ibuf_I_O)         0.226     0.226 r  clk_IBUF_inst/O
                         net (fo=1, routed)           0.631     0.858    clk_IBUF
    BUFGCTRL_X0Y1        BUFG (Prop_bufg_I_O)         0.026     0.884 r  clk_IBUF_BUFG_inst/O
                         net (fo=50, routed)          0.596     1.479    SSD_Unit/CLK
    SLICE_X65Y2          FDRE                                         r  SSD_Unit/refresh_counter_reg[3]/C
  -------------------------------------------------------------------    -------------------
    SLICE_X65Y2          FDRE (Prop_fdre_C_Q)         0.141     1.620 r  SSD_Unit/refresh_counter_reg[3]/Q
                         net (fo=1, routed)           0.108     1.728    SSD_Unit/refresh_counter_reg_n_0_[3]
    SLICE_X65Y2          CARRY4 (Prop_carry4_S[3]_O[3])
                                                      0.108     1.836 r  SSD_Unit/refresh_counter_reg[0]_i_1/O[3]
                         net (fo=1, routed)           0.000     1.836    SSD_Unit/refresh_counter_reg[0]_i_1_n_4
    SLICE_X65Y2          FDRE                                         r  SSD_Unit/refresh_counter_reg[3]/D
  -------------------------------------------------------------------    -------------------

                         (clock sys_clk_pin rise edge)
                                                      0.000     0.000 r  
    W5                                                0.000     0.000 r  clk (IN)
                         net (fo=0)                   0.000     0.000    clk
    W5                   IBUF (Prop_ibuf_I_O)         0.414     0.414 r  clk_IBUF_inst/O
                         net (fo=1, routed)           0.685     1.099    clk_IBUF
    BUFGCTRL_X0Y1        BUFG (Prop_bufg_I_O)         0.029     1.128 r  clk_IBUF_BUFG_inst/O
                         net (fo=50, routed)          0.867     1.994    SSD_Unit/CLK
    SLICE_X65Y2          FDRE                                         r  SSD_Unit/refresh_counter_reg[3]/C
                         clock pessimism             -0.515     1.479    
    SLICE_X65Y2          FDRE (Hold_fdre_C_D)         0.105     1.584    SSD_Unit/refresh_counter_reg[3]
  -------------------------------------------------------------------
                         required time                         -1.584    
                         arrival time                           1.836    
  -------------------------------------------------------------------
                         slack                                  0.252    

Slack (MET) :             0.252ns  (arrival time - required time)
  Source:                 SSD_Unit/refresh_counter_reg[7]/C
                            (rising edge-triggered cell FDRE clocked by sys_clk_pin  {rise@0.000ns fall@5.000ns period=10.000ns})
  Destination:            SSD_Unit/refresh_counter_reg[7]/D
                            (rising edge-triggered cell FDRE clocked by sys_clk_pin  {rise@0.000ns fall@5.000ns period=10.000ns})
  Path Group:             sys_clk_pin
  Path Type:              Hold (Min at Fast Process Corner)
  Requirement:            0.000ns  (sys_clk_pin rise@0.000ns - sys_clk_pin rise@0.000ns)
  Data Path Delay:        0.357ns  (logic 0.249ns (69.714%)  route 0.108ns (30.286%))
  Logic Levels:           1  (CARRY4=1)
  Clock Path Skew:        0.000ns (DCD - SCD - CPR)
    Destination Clock Delay (DCD):    1.993ns
    Source Clock Delay      (SCD):    1.478ns
    Clock Pessimism Removal (CPR):    0.515ns

    Location             Delay type                Incr(ns)  Path(ns)    Netlist Resource(s)
  -------------------------------------------------------------------    -------------------
                         (clock sys_clk_pin rise edge)
                                                      0.000     0.000 r  
    W5                                                0.000     0.000 r  clk (IN)
                         net (fo=0)                   0.000     0.000    clk
    W5                   IBUF (Prop_ibuf_I_O)         0.226     0.226 r  clk_IBUF_inst/O
                         net (fo=1, routed)           0.631     0.858    clk_IBUF
    BUFGCTRL_X0Y1        BUFG (Prop_bufg_I_O)         0.026     0.884 r  clk_IBUF_BUFG_inst/O
                         net (fo=50, routed)          0.595     1.478    SSD_Unit/CLK
    SLICE_X65Y3          FDRE                                         r  SSD_Unit/refresh_counter_reg[7]/C
  -------------------------------------------------------------------    -------------------
    SLICE_X65Y3          FDRE (Prop_fdre_C_Q)         0.141     1.619 r  SSD_Unit/refresh_counter_reg[7]/Q
                         net (fo=1, routed)           0.108     1.727    SSD_Unit/refresh_counter_reg_n_0_[7]
    SLICE_X65Y3          CARRY4 (Prop_carry4_S[3]_O[3])
                                                      0.108     1.835 r  SSD_Unit/refresh_counter_reg[4]_i_1/O[3]
                         net (fo=1, routed)           0.000     1.835    SSD_Unit/refresh_counter_reg[4]_i_1_n_4
    SLICE_X65Y3          FDRE                                         r  SSD_Unit/refresh_counter_reg[7]/D
  -------------------------------------------------------------------    -------------------

                         (clock sys_clk_pin rise edge)
                                                      0.000     0.000 r  
    W5                                                0.000     0.000 r  clk (IN)
                         net (fo=0)                   0.000     0.000    clk
    W5                   IBUF (Prop_ibuf_I_O)         0.414     0.414 r  clk_IBUF_inst/O
                         net (fo=1, routed)           0.685     1.099    clk_IBUF
    BUFGCTRL_X0Y1        BUFG (Prop_bufg_I_O)         0.029     1.128 r  clk_IBUF_BUFG_inst/O
                         net (fo=50, routed)          0.866     1.993    SSD_Unit/CLK
    SLICE_X65Y3          FDRE                                         r  SSD_Unit/refresh_counter_reg[7]/C
                         clock pessimism             -0.515     1.478    
    SLICE_X65Y3          FDRE (Hold_fdre_C_D)         0.105     1.583    SSD_Unit/refresh_counter_reg[7]
  -------------------------------------------------------------------
                         required time                         -1.583    
                         arrival time                           1.835    
  -------------------------------------------------------------------
                         slack                                  0.252    

Slack (MET) :             0.256ns  (arrival time - required time)
  Source:                 SSD_Unit/refresh_counter_reg[12]/C
                            (rising edge-triggered cell FDRE clocked by sys_clk_pin  {rise@0.000ns fall@5.000ns period=10.000ns})
  Destination:            SSD_Unit/refresh_counter_reg[12]/D
                            (rising edge-triggered cell FDRE clocked by sys_clk_pin  {rise@0.000ns fall@5.000ns period=10.000ns})
  Path Group:             sys_clk_pin
  Path Type:              Hold (Min at Fast Process Corner)
  Requirement:            0.000ns  (sys_clk_pin rise@0.000ns - sys_clk_pin rise@0.000ns)
  Data Path Delay:        0.361ns  (logic 0.256ns (70.880%)  route 0.105ns (29.120%))
  Logic Levels:           1  (CARRY4=1)
  Clock Path Skew:        0.000ns (DCD - SCD - CPR)
    Destination Clock Delay (DCD):    1.993ns
    Source Clock Delay      (SCD):    1.478ns
    Clock Pessimism Removal (CPR):    0.515ns

    Location             Delay type                Incr(ns)  Path(ns)    Netlist Resource(s)
  -------------------------------------------------------------------    -------------------
                         (clock sys_clk_pin rise edge)
                                                      0.000     0.000 r  
    W5                                                0.000     0.000 r  clk (IN)
                         net (fo=0)                   0.000     0.000    clk
    W5                   IBUF (Prop_ibuf_I_O)         0.226     0.226 r  clk_IBUF_inst/O
                         net (fo=1, routed)           0.631     0.858    clk_IBUF
    BUFGCTRL_X0Y1        BUFG (Prop_bufg_I_O)         0.026     0.884 r  clk_IBUF_BUFG_inst/O
                         net (fo=50, routed)          0.595     1.478    SSD_Unit/CLK
    SLICE_X65Y5          FDRE                                         r  SSD_Unit/refresh_counter_reg[12]/C
  -------------------------------------------------------------------    -------------------
    SLICE_X65Y5          FDRE (Prop_fdre_C_Q)         0.141     1.619 r  SSD_Unit/refresh_counter_reg[12]/Q
                         net (fo=1, routed)           0.105     1.724    SSD_Unit/refresh_counter_reg_n_0_[12]
    SLICE_X65Y5          CARRY4 (Prop_carry4_S[0]_O[0])
                                                      0.115     1.839 r  SSD_Unit/refresh_counter_reg[12]_i_1/O[0]
                         net (fo=1, routed)           0.000     1.839    SSD_Unit/refresh_counter_reg[12]_i_1_n_7
    SLICE_X65Y5          FDRE                                         r  SSD_Unit/refresh_counter_reg[12]/D
  -------------------------------------------------------------------    -------------------

                         (clock sys_clk_pin rise edge)
                                                      0.000     0.000 r  
    W5                                                0.000     0.000 r  clk (IN)
                         net (fo=0)                   0.000     0.000    clk
    W5                   IBUF (Prop_ibuf_I_O)         0.414     0.414 r  clk_IBUF_inst/O
                         net (fo=1, routed)           0.685     1.099    clk_IBUF
    BUFGCTRL_X0Y1        BUFG (Prop_bufg_I_O)         0.029     1.128 r  clk_IBUF_BUFG_inst/O
                         net (fo=50, routed)          0.866     1.993    SSD_Unit/CLK
    SLICE_X65Y5          FDRE                                         r  SSD_Unit/refresh_counter_reg[12]/C
                         clock pessimism             -0.515     1.478    
    SLICE_X65Y5          FDRE (Hold_fdre_C_D)         0.105     1.583    SSD_Unit/refresh_counter_reg[12]
  -------------------------------------------------------------------
                         required time                         -1.583    
                         arrival time                           1.839    
  -------------------------------------------------------------------
                         slack                                  0.256    

Slack (MET) :             0.256ns  (arrival time - required time)
  Source:                 SSD_Unit/refresh_counter_reg[16]/C
                            (rising edge-triggered cell FDRE clocked by sys_clk_pin  {rise@0.000ns fall@5.000ns period=10.000ns})
  Destination:            SSD_Unit/refresh_counter_reg[16]/D
                            (rising edge-triggered cell FDRE clocked by sys_clk_pin  {rise@0.000ns fall@5.000ns period=10.000ns})
  Path Group:             sys_clk_pin
  Path Type:              Hold (Min at Fast Process Corner)
  Requirement:            0.000ns  (sys_clk_pin rise@0.000ns - sys_clk_pin rise@0.000ns)
  Data Path Delay:        0.361ns  (logic 0.256ns (70.880%)  route 0.105ns (29.120%))
  Logic Levels:           1  (CARRY4=1)
  Clock Path Skew:        0.000ns (DCD - SCD - CPR)
    Destination Clock Delay (DCD):    1.993ns
    Source Clock Delay      (SCD):    1.478ns
    Clock Pessimism Removal (CPR):    0.515ns

    Location             Delay type                Incr(ns)  Path(ns)    Netlist Resource(s)
  -------------------------------------------------------------------    -------------------
                         (clock sys_clk_pin rise edge)
                                                      0.000     0.000 r  
    W5                                                0.000     0.000 r  clk (IN)
                         net (fo=0)                   0.000     0.000    clk
    W5                   IBUF (Prop_ibuf_I_O)         0.226     0.226 r  clk_IBUF_inst/O
                         net (fo=1, routed)           0.631     0.858    clk_IBUF
    BUFGCTRL_X0Y1        BUFG (Prop_bufg_I_O)         0.026     0.884 r  clk_IBUF_BUFG_inst/O
                         net (fo=50, routed)          0.595     1.478    SSD_Unit/CLK
    SLICE_X65Y6          FDRE                                         r  SSD_Unit/refresh_counter_reg[16]/C
  -------------------------------------------------------------------    -------------------
    SLICE_X65Y6          FDRE (Prop_fdre_C_Q)         0.141     1.619 r  SSD_Unit/refresh_counter_reg[16]/Q
                         net (fo=1, routed)           0.105     1.724    SSD_Unit/refresh_counter_reg_n_0_[16]
    SLICE_X65Y6          CARRY4 (Prop_carry4_S[0]_O[0])
                                                      0.115     1.839 r  SSD_Unit/refresh_counter_reg[16]_i_1/O[0]
                         net (fo=1, routed)           0.000     1.839    SSD_Unit/refresh_counter_reg[16]_i_1_n_7
    SLICE_X65Y6          FDRE                                         r  SSD_Unit/refresh_counter_reg[16]/D
  -------------------------------------------------------------------    -------------------

                         (clock sys_clk_pin rise edge)
                                                      0.000     0.000 r  
    W5                                                0.000     0.000 r  clk (IN)
                         net (fo=0)                   0.000     0.000    clk
    W5                   IBUF (Prop_ibuf_I_O)         0.414     0.414 r  clk_IBUF_inst/O
                         net (fo=1, routed)           0.685     1.099    clk_IBUF
    BUFGCTRL_X0Y1        BUFG (Prop_bufg_I_O)         0.029     1.128 r  clk_IBUF_BUFG_inst/O
                         net (fo=50, routed)          0.866     1.993    SSD_Unit/CLK
    SLICE_X65Y6          FDRE                                         r  SSD_Unit/refresh_counter_reg[16]/C
                         clock pessimism             -0.515     1.478    
    SLICE_X65Y6          FDRE (Hold_fdre_C_D)         0.105     1.583    SSD_Unit/refresh_counter_reg[16]
  -------------------------------------------------------------------
                         required time                         -1.583    
                         arrival time                           1.839    
  -------------------------------------------------------------------
                         slack                                  0.256    





Pulse Width Checks
--------------------------------------------------------------------------------------
Clock Name:         sys_clk_pin
Waveform(ns):       { 0.000 5.000 }
Period(ns):         10.000
Sources:            { clk }

Check Type        Corner  Lib Pin  Reference Pin  Required(ns)  Actual(ns)  Slack(ns)  Location       Pin
Min Period        n/a     BUFG/I   n/a            2.155         10.000      7.845      BUFGCTRL_X0Y1  clk_IBUF_BUFG_inst/I
Min Period        n/a     FDRE/C   n/a            1.000         10.000      9.000      SLICE_X37Y43   Debouncer_Unit/btn_edge_reg/C
Min Period        n/a     FDRE/C   n/a            1.000         10.000      9.000      SLICE_X37Y43   Debouncer_Unit/btn_sync_reg[0]/C
Min Period        n/a     FDRE/C   n/a            1.000         10.000      9.000      SLICE_X37Y43   Debouncer_Unit/btn_sync_reg[1]/C
Min Period        n/a     FDRE/C   n/a            1.000         10.000      9.000      SLICE_X36Y42   Debouncer_Unit/pulse_cnt_reg[0]/C
Min Period        n/a     FDRE/C   n/a            1.000         10.000      9.000      SLICE_X36Y44   Debouncer_Unit/pulse_cnt_reg[10]/C
Min Period        n/a     FDRE/C   n/a            1.000         10.000      9.000      SLICE_X36Y44   Debouncer_Unit/pulse_cnt_reg[11]/C
Min Period        n/a     FDRE/C   n/a            1.000         10.000      9.000      SLICE_X36Y45   Debouncer_Unit/pulse_cnt_reg[12]/C
Min Period        n/a     FDRE/C   n/a            1.000         10.000      9.000      SLICE_X36Y45   Debouncer_Unit/pulse_cnt_reg[13]/C
Min Period        n/a     FDRE/C   n/a            1.000         10.000      9.000      SLICE_X36Y45   Debouncer_Unit/pulse_cnt_reg[14]/C
Low Pulse Width   Slow    FDRE/C   n/a            0.500         5.000       4.500      SLICE_X37Y43   Debouncer_Unit/btn_edge_reg/C
Low Pulse Width   Fast    FDRE/C   n/a            0.500         5.000       4.500      SLICE_X37Y43   Debouncer_Unit/btn_edge_reg/C
Low Pulse Width   Slow    FDRE/C   n/a            0.500         5.000       4.500      SLICE_X37Y43   Debouncer_Unit/btn_sync_reg[0]/C
Low Pulse Width   Fast    FDRE/C   n/a            0.500         5.000       4.500      SLICE_X37Y43   Debouncer_Unit/btn_sync_reg[0]/C
Low Pulse Width   Slow    FDRE/C   n/a            0.500         5.000       4.500      SLICE_X37Y43   Debouncer_Unit/btn_sync_reg[1]/C
Low Pulse Width   Fast    FDRE/C   n/a            0.500         5.000       4.500      SLICE_X37Y43   Debouncer_Unit/btn_sync_reg[1]/C
Low Pulse Width   Slow    FDRE/C   n/a            0.500         5.000       4.500      SLICE_X36Y42   Debouncer_Unit/pulse_cnt_reg[0]/C
Low Pulse Width   Fast    FDRE/C   n/a            0.500         5.000       4.500      SLICE_X36Y42   Debouncer_Unit/pulse_cnt_reg[0]/C
Low Pulse Width   Slow    FDRE/C   n/a            0.500         5.000       4.500      SLICE_X36Y44   Debouncer_Unit/pulse_cnt_reg[10]/C
Low Pulse Width   Fast    FDRE/C   n/a            0.500         5.000       4.500      SLICE_X36Y44   Debouncer_Unit/pulse_cnt_reg[10]/C
High Pulse Width  Slow    FDRE/C   n/a            0.500         5.000       4.500      SLICE_X37Y43   Debouncer_Unit/btn_edge_reg/C
High Pulse Width  Fast    FDRE/C   n/a            0.500         5.000       4.500      SLICE_X37Y43   Debouncer_Unit/btn_edge_reg/C
High Pulse Width  Slow    FDRE/C   n/a            0.500         5.000       4.500      SLICE_X37Y43   Debouncer_Unit/btn_sync_reg[0]/C
High Pulse Width  Fast    FDRE/C   n/a            0.500         5.000       4.500      SLICE_X37Y43   Debouncer_Unit/btn_sync_reg[0]/C
High Pulse Width  Slow    FDRE/C   n/a            0.500         5.000       4.500      SLICE_X37Y43   Debouncer_Unit/btn_sync_reg[1]/C
High Pulse Width  Fast    FDRE/C   n/a            0.500         5.000       4.500      SLICE_X37Y43   Debouncer_Unit/btn_sync_reg[1]/C
High Pulse Width  Slow    FDRE/C   n/a            0.500         5.000       4.500      SLICE_X36Y42   Debouncer_Unit/pulse_cnt_reg[0]/C
High Pulse Width  Fast    FDRE/C   n/a            0.500         5.000       4.500      SLICE_X36Y42   Debouncer_Unit/pulse_cnt_reg[0]/C
High Pulse Width  Slow    FDRE/C   n/a            0.500         5.000       4.500      SLICE_X36Y44   Debouncer_Unit/pulse_cnt_reg[10]/C
High Pulse Width  Fast    FDRE/C   n/a            0.500         5.000       4.500      SLICE_X36Y44   Debouncer_Unit/pulse_cnt_reg[10]/C



--------------------------------------------------------------------------------------
Path Group:  (none)
From Clock:  
  To Clock:  

Max Delay           583 Endpoints
Min Delay           583 Endpoints
--------------------------------------------------------------------------------------


Max Delay Paths
--------------------------------------------------------------------------------------
Slack:                    inf
  Source:                 IF_Unit/PC_reg_rep[4]/C
                            (rising edge-triggered cell FDCE)
  Destination:            led[15]
                            (output port)
  Path Group:             (none)
  Path Type:              Max at Slow Process Corner
  Data Path Delay:        22.496ns  (logic 7.682ns (34.150%)  route 14.814ns (65.850%))
  Logic Levels:           16  (CARRY4=2 FDCE=1 LUT3=1 LUT4=2 LUT5=2 LUT6=3 MUXF7=3 OBUF=1 RAMS64E=1)

    Location             Delay type                Incr(ns)  Path(ns)    Netlist Resource(s)
  -------------------------------------------------------------------    -------------------
    SLICE_X59Y10         FDCE                         0.000     0.000 r  IF_Unit/PC_reg_rep[4]/C
    SLICE_X59Y10         FDCE (Prop_fdce_C_Q)         0.459     0.459 f  IF_Unit/PC_reg_rep[4]/Q
                         net (fo=1, routed)           0.656     1.115    IF_Unit/PC_reg_rep[4]
    SLICE_X59Y10         LUT5 (Prop_lut5_I1_O)        0.124     1.239 r  IF_Unit/led_OBUF[8]_inst_i_2/O
                         net (fo=43, routed)          1.559     2.798    IF_Unit/led_OBUF[8]_inst_i_2_n_0
    SLICE_X59Y12         LUT4 (Prop_lut4_I1_O)        0.118     2.916 r  IF_Unit/g0_b0_i_2/O
                         net (fo=7, routed)           1.014     3.930    IF_Unit/Instruction[9]
    SLICE_X61Y12         LUT4 (Prop_lut4_I1_O)        0.326     4.256 r  IF_Unit/g0_b0/O
                         net (fo=55, routed)          1.797     6.053    IF_Unit/PC_reg_rep[1]_0
    SLICE_X59Y9          LUT6 (Prop_lut6_I5_O)        0.124     6.177 r  IF_Unit/i___0_carry_i_9/O
                         net (fo=5, routed)           1.146     7.323    IF_Unit/PC_reg_rep[2]_0[0]
    SLICE_X63Y10         LUT6 (Prop_lut6_I2_O)        0.124     7.447 r  IF_Unit/i___0_carry_i_6/O
                         net (fo=1, routed)           0.000     7.447    EX_Unit/S[1]
    SLICE_X63Y10         CARRY4 (Prop_carry4_S[1]_CO[3])
                                                      0.550     7.997 r  EX_Unit/_inferred__1/i___0_carry/CO[3]
                         net (fo=1, routed)           0.000     7.997    EX_Unit/_inferred__1/i___0_carry_n_0
    SLICE_X63Y11         CARRY4 (Prop_carry4_CI_O[0])
                                                      0.222     8.219 r  EX_Unit/_inferred__1/i___0_carry__0/O[0]
                         net (fo=1, routed)           0.314     8.533    IF_Unit/data0[4]
    SLICE_X64Y10         LUT6 (Prop_lut6_I5_O)        0.299     8.832 r  IF_Unit/MEM_reg_0_127_0_0_i_17/O
                         net (fo=2, routed)           0.000     8.832    IF_Unit/MEM_reg_0_127_0_0_i_17_n_0
    SLICE_X64Y10         MUXF7 (Prop_muxf7_I0_O)      0.209     9.041 r  IF_Unit/MEM_reg_0_127_0_0_i_6/O
                         net (fo=34, routed)          2.170    11.211    MEM_Unit/MEM_reg_0_127_15_15/A4
    SLICE_X56Y7          RAMS64E (Prop_rams64e_ADR4_O)
                                                      0.293    11.504 r  MEM_Unit/MEM_reg_0_127_15_15/HIGH/O
                         net (fo=1, routed)           0.000    11.504    MEM_Unit/MEM_reg_0_127_15_15/O1
    SLICE_X56Y7          MUXF7 (Prop_muxf7_I1_O)      0.247    11.751 r  MEM_Unit/MEM_reg_0_127_15_15/F7/O
                         net (fo=2, routed)           1.082    12.833    IF_Unit/MemData[15]
    SLICE_X59Y15         LUT5 (Prop_lut5_I1_O)        0.298    13.131 r  IF_Unit/led_OBUF[15]_inst_i_4/O
                         net (fo=1, routed)           0.000    13.131    ID_Unit/led_OBUF[15]_inst_i_1
    SLICE_X59Y15         MUXF7 (Prop_muxf7_I1_O)      0.217    13.348 r  ID_Unit/led_OBUF[15]_inst_i_2/O
                         net (fo=2, routed)           1.000    14.348    Debouncer_Unit/DisplayData[0]
    SLICE_X64Y19         LUT3 (Prop_lut3_I2_O)        0.327    14.675 r  Debouncer_Unit/led_OBUF[15]_inst_i_1/O
                         net (fo=1, routed)           4.076    18.751    led_OBUF[15]
    L1                   OBUF (Prop_obuf_I_O)         3.745    22.496 r  led_OBUF[15]_inst/O
                         net (fo=0)                   0.000    22.496    led[15]
    L1                                                                r  led[15] (OUT)
  -------------------------------------------------------------------    -------------------

Slack:                    inf
  Source:                 IF_Unit/PC_reg_rep[4]/C
                            (rising edge-triggered cell FDCE)
  Destination:            led[6]
                            (output port)
  Path Group:             (none)
  Path Type:              Max at Slow Process Corner
  Data Path Delay:        22.252ns  (logic 7.561ns (33.980%)  route 14.691ns (66.020%))
  Logic Levels:           16  (CARRY4=2 FDCE=1 LUT3=1 LUT4=2 LUT5=2 LUT6=3 MUXF7=3 OBUF=1 RAMS64E=1)

    Location             Delay type                Incr(ns)  Path(ns)    Netlist Resource(s)
  -------------------------------------------------------------------    -------------------
    SLICE_X59Y10         FDCE                         0.000     0.000 r  IF_Unit/PC_reg_rep[4]/C
    SLICE_X59Y10         FDCE (Prop_fdce_C_Q)         0.459     0.459 f  IF_Unit/PC_reg_rep[4]/Q
                         net (fo=1, routed)           0.656     1.115    IF_Unit/PC_reg_rep[4]
    SLICE_X59Y10         LUT5 (Prop_lut5_I1_O)        0.124     1.239 r  IF_Unit/led_OBUF[8]_inst_i_2/O
                         net (fo=43, routed)          1.559     2.798    IF_Unit/led_OBUF[8]_inst_i_2_n_0
    SLICE_X59Y12         LUT4 (Prop_lut4_I1_O)        0.118     2.916 r  IF_Unit/g0_b0_i_2/O
                         net (fo=7, routed)           1.014     3.930    IF_Unit/Instruction[9]
    SLICE_X61Y12         LUT4 (Prop_lut4_I1_O)        0.326     4.256 r  IF_Unit/g0_b0/O
                         net (fo=55, routed)          1.797     6.053    IF_Unit/PC_reg_rep[1]_0
    SLICE_X59Y9          LUT6 (Prop_lut6_I5_O)        0.124     6.177 r  IF_Unit/i___0_carry_i_9/O
                         net (fo=5, routed)           1.146     7.323    IF_Unit/PC_reg_rep[2]_0[0]
    SLICE_X63Y10         LUT6 (Prop_lut6_I2_O)        0.124     7.447 r  IF_Unit/i___0_carry_i_6/O
                         net (fo=1, routed)           0.000     7.447    EX_Unit/S[1]
    SLICE_X63Y10         CARRY4 (Prop_carry4_S[1]_CO[3])
                                                      0.550     7.997 r  EX_Unit/_inferred__1/i___0_carry/CO[3]
                         net (fo=1, routed)           0.000     7.997    EX_Unit/_inferred__1/i___0_carry_n_0
    SLICE_X63Y11         CARRY4 (Prop_carry4_CI_O[1])
                                                      0.334     8.331 r  EX_Unit/_inferred__1/i___0_carry__0/O[1]
                         net (fo=1, routed)           0.819     9.150    IF_Unit/data0[5]
    SLICE_X65Y10         LUT6 (Prop_lut6_I5_O)        0.303     9.453 r  IF_Unit/MEM_reg_0_127_0_0_i_19/O
                         net (fo=2, routed)           0.000     9.453    IF_Unit/MEM_reg_0_127_0_0_i_19_n_0
    SLICE_X65Y10         MUXF7 (Prop_muxf7_I0_O)      0.212     9.665 r  IF_Unit/MEM_reg_0_127_0_0_i_7/O
                         net (fo=34, routed)          1.792    11.457    MEM_Unit/MEM_reg_0_127_6_6/A5
    SLICE_X60Y8          RAMS64E (Prop_rams64e_ADR5_O)
                                                      0.299    11.756 r  MEM_Unit/MEM_reg_0_127_6_6/LOW/O
                         net (fo=1, routed)           0.000    11.756    MEM_Unit/MEM_reg_0_127_6_6/O0
    SLICE_X60Y8          MUXF7 (Prop_muxf7_I0_O)      0.241    11.997 r  MEM_Unit/MEM_reg_0_127_6_6/F7/O
                         net (fo=2, routed)           0.964    12.960    IF_Unit/MemData[6]
    SLICE_X61Y11         LUT5 (Prop_lut5_I1_O)        0.298    13.258 r  IF_Unit/led_OBUF[6]_inst_i_5/O
                         net (fo=1, routed)           0.000    13.258    ID_Unit/led_OBUF[6]_inst_i_1
    SLICE_X61Y11         MUXF7 (Prop_muxf7_I1_O)      0.245    13.503 r  ID_Unit/led_OBUF[6]_inst_i_3/O
                         net (fo=2, routed)           1.022    14.525    IF_Unit/led[11][6]
    SLICE_X62Y16         LUT3 (Prop_lut3_I2_O)        0.298    14.823 r  IF_Unit/led_OBUF[6]_inst_i_1/O
                         net (fo=1, routed)           3.923    18.746    led_OBUF[6]
    U14                  OBUF (Prop_obuf_I_O)         3.506    22.252 r  led_OBUF[6]_inst/O
                         net (fo=0)                   0.000    22.252    led[6]
    U14                                                               r  led[6] (OUT)
  -------------------------------------------------------------------    -------------------

Slack:                    inf
  Source:                 IF_Unit/PC_reg_rep[4]/C
                            (rising edge-triggered cell FDCE)
  Destination:            led[1]
                            (output port)
  Path Group:             (none)
  Path Type:              Max at Slow Process Corner
  Data Path Delay:        21.962ns  (logic 7.715ns (35.127%)  route 14.248ns (64.873%))
  Logic Levels:           16  (CARRY4=2 FDCE=1 LUT4=2 LUT5=1 LUT6=5 MUXF7=3 OBUF=1 RAMS64E=1)

    Location             Delay type                Incr(ns)  Path(ns)    Netlist Resource(s)
  -------------------------------------------------------------------    -------------------
    SLICE_X59Y10         FDCE                         0.000     0.000 r  IF_Unit/PC_reg_rep[4]/C
    SLICE_X59Y10         FDCE (Prop_fdce_C_Q)         0.459     0.459 f  IF_Unit/PC_reg_rep[4]/Q
                         net (fo=1, routed)           0.656     1.115    IF_Unit/PC_reg_rep[4]
    SLICE_X59Y10         LUT5 (Prop_lut5_I1_O)        0.124     1.239 r  IF_Unit/led_OBUF[8]_inst_i_2/O
                         net (fo=43, routed)          1.559     2.798    IF_Unit/led_OBUF[8]_inst_i_2_n_0
    SLICE_X59Y12         LUT4 (Prop_lut4_I1_O)        0.118     2.916 r  IF_Unit/g0_b0_i_2/O
                         net (fo=7, routed)           1.014     3.930    IF_Unit/Instruction[9]
    SLICE_X61Y12         LUT4 (Prop_lut4_I1_O)        0.326     4.256 r  IF_Unit/g0_b0/O
                         net (fo=55, routed)          1.797     6.053    IF_Unit/PC_reg_rep[1]_0
    SLICE_X59Y9          LUT6 (Prop_lut6_I5_O)        0.124     6.177 r  IF_Unit/i___0_carry_i_9/O
                         net (fo=5, routed)           1.146     7.323    IF_Unit/PC_reg_rep[2]_0[0]
    SLICE_X63Y10         LUT6 (Prop_lut6_I2_O)        0.124     7.447 r  IF_Unit/i___0_carry_i_6/O
                         net (fo=1, routed)           0.000     7.447    EX_Unit/S[1]
    SLICE_X63Y10         CARRY4 (Prop_carry4_S[1]_CO[3])
                                                      0.550     7.997 r  EX_Unit/_inferred__1/i___0_carry/CO[3]
                         net (fo=1, routed)           0.000     7.997    EX_Unit/_inferred__1/i___0_carry_n_0
    SLICE_X63Y11         CARRY4 (Prop_carry4_CI_O[0])
                                                      0.222     8.219 r  EX_Unit/_inferred__1/i___0_carry__0/O[0]
                         net (fo=1, routed)           0.314     8.533    IF_Unit/data0[4]
    SLICE_X64Y10         LUT6 (Prop_lut6_I5_O)        0.299     8.832 r  IF_Unit/MEM_reg_0_127_0_0_i_17/O
                         net (fo=2, routed)           0.000     8.832    IF_Unit/MEM_reg_0_127_0_0_i_17_n_0
    SLICE_X64Y10         MUXF7 (Prop_muxf7_I0_O)      0.209     9.041 r  IF_Unit/MEM_reg_0_127_0_0_i_6/O
                         net (fo=34, routed)          2.170    11.211    MEM_Unit/MEM_reg_0_127_1_1/A4
    SLICE_X56Y7          RAMS64E (Prop_rams64e_ADR4_O)
                                                      0.608    11.819 r  MEM_Unit/MEM_reg_0_127_1_1/LOW/O
                         net (fo=1, routed)           0.000    11.819    MEM_Unit/MEM_reg_0_127_1_1/O0
    SLICE_X56Y7          MUXF7 (Prop_muxf7_I0_O)      0.209    12.028 r  MEM_Unit/MEM_reg_0_127_1_1/F7/O
                         net (fo=2, routed)           0.547    12.575    IF_Unit/MemData[1]
    SLICE_X58Y9          LUT6 (Prop_lut6_I1_O)        0.297    12.872 r  IF_Unit/led_OBUF[1]_inst_i_4/O
                         net (fo=1, routed)           0.000    12.872    ID_Unit/led_OBUF[1]_inst_i_1
    SLICE_X58Y9          MUXF7 (Prop_muxf7_I1_O)      0.217    13.089 r  ID_Unit/led_OBUF[1]_inst_i_2/O
                         net (fo=2, routed)           0.870    13.958    IF_Unit/led[11][1]
    SLICE_X58Y16         LUT6 (Prop_lut6_I5_O)        0.299    14.257 r  IF_Unit/led_OBUF[1]_inst_i_1/O
                         net (fo=1, routed)           4.175    18.433    led_OBUF[1]
    E19                  OBUF (Prop_obuf_I_O)         3.530    21.962 r  led_OBUF[1]_inst/O
                         net (fo=0)                   0.000    21.962    led[1]
    E19                                                               r  led[1] (OUT)
  -------------------------------------------------------------------    -------------------

Slack:                    inf
  Source:                 IF_Unit/PC_reg_rep[4]/C
                            (rising edge-triggered cell FDCE)
  Destination:            led[3]
                            (output port)
  Path Group:             (none)
  Path Type:              Max at Slow Process Corner
  Data Path Delay:        21.860ns  (logic 8.197ns (37.499%)  route 13.663ns (62.501%))
  Logic Levels:           16  (CARRY4=2 FDCE=1 LUT4=2 LUT5=1 LUT6=5 MUXF7=3 OBUF=1 RAMS64E=1)

    Location             Delay type                Incr(ns)  Path(ns)    Netlist Resource(s)
  -------------------------------------------------------------------    -------------------
    SLICE_X59Y10         FDCE                         0.000     0.000 r  IF_Unit/PC_reg_rep[4]/C
    SLICE_X59Y10         FDCE (Prop_fdce_C_Q)         0.459     0.459 f  IF_Unit/PC_reg_rep[4]/Q
                         net (fo=1, routed)           0.656     1.115    IF_Unit/PC_reg_rep[4]
    SLICE_X59Y10         LUT5 (Prop_lut5_I1_O)        0.124     1.239 r  IF_Unit/led_OBUF[8]_inst_i_2/O
                         net (fo=43, routed)          1.559     2.798    IF_Unit/led_OBUF[8]_inst_i_2_n_0
    SLICE_X59Y12         LUT4 (Prop_lut4_I1_O)        0.118     2.916 r  IF_Unit/g0_b0_i_2/O
                         net (fo=7, routed)           1.014     3.930    IF_Unit/Instruction[9]
    SLICE_X61Y12         LUT4 (Prop_lut4_I1_O)        0.326     4.256 r  IF_Unit/g0_b0/O
                         net (fo=55, routed)          1.797     6.053    IF_Unit/PC_reg_rep[1]_0
    SLICE_X59Y9          LUT6 (Prop_lut6_I5_O)        0.124     6.177 r  IF_Unit/i___0_carry_i_9/O
                         net (fo=5, routed)           1.146     7.323    IF_Unit/PC_reg_rep[2]_0[0]
    SLICE_X63Y10         LUT6 (Prop_lut6_I2_O)        0.124     7.447 r  IF_Unit/i___0_carry_i_6/O
                         net (fo=1, routed)           0.000     7.447    EX_Unit/S[1]
    SLICE_X63Y10         CARRY4 (Prop_carry4_S[1]_CO[3])
                                                      0.550     7.997 r  EX_Unit/_inferred__1/i___0_carry/CO[3]
                         net (fo=1, routed)           0.000     7.997    EX_Unit/_inferred__1/i___0_carry_n_0
    SLICE_X63Y11         CARRY4 (Prop_carry4_CI_O[0])
                                                      0.222     8.219 r  EX_Unit/_inferred__1/i___0_carry__0/O[0]
                         net (fo=1, routed)           0.314     8.533    IF_Unit/data0[4]
    SLICE_X64Y10         LUT6 (Prop_lut6_I5_O)        0.299     8.832 r  IF_Unit/MEM_reg_0_127_0_0_i_17/O
                         net (fo=2, routed)           0.000     8.832    IF_Unit/MEM_reg_0_127_0_0_i_17_n_0
    SLICE_X64Y10         MUXF7 (Prop_muxf7_I0_O)      0.209     9.041 r  IF_Unit/MEM_reg_0_127_0_0_i_6/O
                         net (fo=34, routed)          1.355    10.396    MEM_Unit/MEM_reg_0_127_3_3/A4
    SLICE_X56Y8          RAMS64E (Prop_rams64e_ADR4_O)
                                                      1.111    11.508 r  MEM_Unit/MEM_reg_0_127_3_3/LOW/O
                         net (fo=1, routed)           0.000    11.508    MEM_Unit/MEM_reg_0_127_3_3/O0
    SLICE_X56Y8          MUXF7 (Prop_muxf7_I0_O)      0.209    11.717 r  MEM_Unit/MEM_reg_0_127_3_3/F7/O
                         net (fo=2, routed)           0.968    12.684    IF_Unit/MemData[3]
    SLICE_X61Y10         LUT6 (Prop_lut6_I1_O)        0.297    12.981 r  IF_Unit/led_OBUF[3]_inst_i_4/O
                         net (fo=1, routed)           0.000    12.981    ID_Unit/led_OBUF[3]_inst_i_1
    SLICE_X61Y10         MUXF7 (Prop_muxf7_I1_O)      0.217    13.198 r  ID_Unit/led_OBUF[3]_inst_i_2/O
                         net (fo=2, routed)           1.319    14.517    IF_Unit/led[11][3]
    SLICE_X58Y16         LUT6 (Prop_lut6_I5_O)        0.299    14.816 r  IF_Unit/led_OBUF[3]_inst_i_1/O
                         net (fo=1, routed)           3.535    18.351    led_OBUF[3]
    V19                  OBUF (Prop_obuf_I_O)         3.509    21.860 r  led_OBUF[3]_inst/O
                         net (fo=0)                   0.000    21.860    led[3]
    V19                                                               r  led[3] (OUT)
  -------------------------------------------------------------------    -------------------

Slack:                    inf
  Source:                 IF_Unit/PC_reg_rep[4]/C
                            (rising edge-triggered cell FDCE)
  Destination:            led[0]
                            (output port)
  Path Group:             (none)
  Path Type:              Max at Slow Process Corner
  Data Path Delay:        21.822ns  (logic 7.533ns (34.519%)  route 14.289ns (65.481%))
  Logic Levels:           16  (CARRY4=2 FDCE=1 LUT4=2 LUT5=1 LUT6=5 MUXF7=3 OBUF=1 RAMS64E=1)

    Location             Delay type                Incr(ns)  Path(ns)    Netlist Resource(s)
  -------------------------------------------------------------------    -------------------
    SLICE_X59Y10         FDCE                         0.000     0.000 r  IF_Unit/PC_reg_rep[4]/C
    SLICE_X59Y10         FDCE (Prop_fdce_C_Q)         0.459     0.459 f  IF_Unit/PC_reg_rep[4]/Q
                         net (fo=1, routed)           0.656     1.115    IF_Unit/PC_reg_rep[4]
    SLICE_X59Y10         LUT5 (Prop_lut5_I1_O)        0.124     1.239 r  IF_Unit/led_OBUF[8]_inst_i_2/O
                         net (fo=43, routed)          1.559     2.798    IF_Unit/led_OBUF[8]_inst_i_2_n_0
    SLICE_X59Y12         LUT4 (Prop_lut4_I1_O)        0.118     2.916 r  IF_Unit/g0_b0_i_2/O
                         net (fo=7, routed)           1.014     3.930    IF_Unit/Instruction[9]
    SLICE_X61Y12         LUT4 (Prop_lut4_I1_O)        0.326     4.256 r  IF_Unit/g0_b0/O
                         net (fo=55, routed)          1.797     6.053    IF_Unit/PC_reg_rep[1]_0
    SLICE_X59Y9          LUT6 (Prop_lut6_I5_O)        0.124     6.177 r  IF_Unit/i___0_carry_i_9/O
                         net (fo=5, routed)           1.146     7.323    IF_Unit/PC_reg_rep[2]_0[0]
    SLICE_X63Y10         LUT6 (Prop_lut6_I2_O)        0.124     7.447 r  IF_Unit/i___0_carry_i_6/O
                         net (fo=1, routed)           0.000     7.447    EX_Unit/S[1]
    SLICE_X63Y10         CARRY4 (Prop_carry4_S[1]_CO[3])
                                                      0.550     7.997 r  EX_Unit/_inferred__1/i___0_carry/CO[3]
                         net (fo=1, routed)           0.000     7.997    EX_Unit/_inferred__1/i___0_carry_n_0
    SLICE_X63Y11         CARRY4 (Prop_carry4_CI_O[1])
                                                      0.334     8.331 r  EX_Unit/_inferred__1/i___0_carry__0/O[1]
                         net (fo=1, routed)           0.819     9.150    IF_Unit/data0[5]
    SLICE_X65Y10         LUT6 (Prop_lut6_I5_O)        0.303     9.453 r  IF_Unit/MEM_reg_0_127_0_0_i_19/O
                         net (fo=2, routed)           0.000     9.453    IF_Unit/MEM_reg_0_127_0_0_i_19_n_0
    SLICE_X65Y10         MUXF7 (Prop_muxf7_I0_O)      0.212     9.665 r  IF_Unit/MEM_reg_0_127_0_0_i_7/O
                         net (fo=34, routed)          1.651    11.316    MEM_Unit/MEM_reg_0_127_0_0/A5
    SLICE_X60Y7          RAMS64E (Prop_rams64e_ADR5_O)
                                                      0.299    11.615 r  MEM_Unit/MEM_reg_0_127_0_0/LOW/O
                         net (fo=1, routed)           0.000    11.615    MEM_Unit/MEM_reg_0_127_0_0/O0
    SLICE_X60Y7          MUXF7 (Prop_muxf7_I0_O)      0.241    11.856 r  MEM_Unit/MEM_reg_0_127_0_0/F7/O
                         net (fo=2, routed)           0.590    12.446    IF_Unit/MemData[0]
    SLICE_X62Y10         LUT6 (Prop_lut6_I1_O)        0.298    12.744 r  IF_Unit/led_OBUF[0]_inst_i_4/O
                         net (fo=1, routed)           0.000    12.744    ID_Unit/led_OBUF[0]_inst_i_1
    SLICE_X62Y10         MUXF7 (Prop_muxf7_I1_O)      0.217    12.961 r  ID_Unit/led_OBUF[0]_inst_i_2/O
                         net (fo=2, routed)           1.342    14.303    IF_Unit/led[11][0]
    SLICE_X61Y13         LUT6 (Prop_lut6_I5_O)        0.299    14.602 r  IF_Unit/led_OBUF[0]_inst_i_1/O
                         net (fo=1, routed)           3.715    18.317    led_OBUF[0]
    U16                  OBUF (Prop_obuf_I_O)         3.505    21.822 r  led_OBUF[0]_inst/O
                         net (fo=0)                   0.000    21.822    led[0]
    U16                                                               r  led[0] (OUT)
  -------------------------------------------------------------------    -------------------

Slack:                    inf
  Source:                 IF_Unit/PC_reg_rep[4]/C
                            (rising edge-triggered cell FDCE)
  Destination:            led[13]
                            (output port)
  Path Group:             (none)
  Path Type:              Max at Slow Process Corner
  Data Path Delay:        21.728ns  (logic 7.524ns (34.631%)  route 14.203ns (65.369%))
  Logic Levels:           15  (CARRY4=1 FDCE=1 LUT2=1 LUT4=2 LUT5=3 LUT6=2 MUXF7=3 OBUF=1 RAMS64E=1)

    Location             Delay type                Incr(ns)  Path(ns)    Netlist Resource(s)
  -------------------------------------------------------------------    -------------------
    SLICE_X59Y10         FDCE                         0.000     0.000 r  IF_Unit/PC_reg_rep[4]/C
    SLICE_X59Y10         FDCE (Prop_fdce_C_Q)         0.459     0.459 f  IF_Unit/PC_reg_rep[4]/Q
                         net (fo=1, routed)           0.656     1.115    IF_Unit/PC_reg_rep[4]
    SLICE_X59Y10         LUT5 (Prop_lut5_I1_O)        0.124     1.239 r  IF_Unit/led_OBUF[8]_inst_i_2/O
                         net (fo=43, routed)          1.559     2.798    IF_Unit/led_OBUF[8]_inst_i_2_n_0
    SLICE_X59Y12         LUT4 (Prop_lut4_I1_O)        0.118     2.916 r  IF_Unit/g0_b0_i_2/O
                         net (fo=7, routed)           1.014     3.930    IF_Unit/Instruction[9]
    SLICE_X61Y12         LUT4 (Prop_lut4_I1_O)        0.326     4.256 r  IF_Unit/g0_b0/O
                         net (fo=55, routed)          1.797     6.053    IF_Unit/PC_reg_rep[1]_0
    SLICE_X59Y9          LUT6 (Prop_lut6_I5_O)        0.124     6.177 r  IF_Unit/i___0_carry_i_9/O
                         net (fo=5, routed)           1.146     7.323    IF_Unit/PC_reg_rep[2]_0[0]
    SLICE_X63Y10         LUT6 (Prop_lut6_I2_O)        0.124     7.447 r  IF_Unit/i___0_carry_i_6/O
                         net (fo=1, routed)           0.000     7.447    EX_Unit/S[1]
    SLICE_X63Y10         CARRY4 (Prop_carry4_S[1]_O[3])
                                                      0.640     8.087 r  EX_Unit/_inferred__1/i___0_carry/O[3]
                         net (fo=1, routed)           0.817     8.904    IF_Unit/data0[3]
    SLICE_X61Y9          LUT5 (Prop_lut5_I4_O)        0.306     9.210 r  IF_Unit/MEM_reg_0_127_0_0_i_15/O
                         net (fo=2, routed)           0.000     9.210    IF_Unit/MEM_reg_0_127_0_0_i_15_n_0
    SLICE_X61Y9          MUXF7 (Prop_muxf7_I0_O)      0.212     9.422 r  IF_Unit/MEM_reg_0_127_0_0_i_5/O
                         net (fo=34, routed)          1.768    11.189    MEM_Unit/MEM_reg_0_127_13_13/A3
    SLICE_X56Y10         RAMS64E (Prop_rams64e_ADR3_O)
                                                      0.299    11.488 r  MEM_Unit/MEM_reg_0_127_13_13/LOW/O
                         net (fo=1, routed)           0.000    11.488    MEM_Unit/MEM_reg_0_127_13_13/O0
    SLICE_X56Y10         MUXF7 (Prop_muxf7_I0_O)      0.241    11.729 r  MEM_Unit/MEM_reg_0_127_13_13/F7/O
                         net (fo=2, routed)           0.606    12.335    IF_Unit/MemData[13]
    SLICE_X59Y14         LUT5 (Prop_lut5_I1_O)        0.298    12.633 r  IF_Unit/led_OBUF[13]_inst_i_4/O
                         net (fo=1, routed)           0.000    12.633    ID_Unit/cat_OBUF[6]_inst_i_5_0
    SLICE_X59Y14         MUXF7 (Prop_muxf7_I1_O)      0.217    12.850 r  ID_Unit/led_OBUF[13]_inst_i_2/O
                         net (fo=2, routed)           1.107    13.957    ID_Unit/DisplayData[13]
    SLICE_X64Y19         LUT2 (Prop_lut2_I0_O)        0.325    14.282 r  ID_Unit/led_OBUF[13]_inst_i_1/O
                         net (fo=1, routed)           3.734    18.016    led_OBUF[13]
    N3                   OBUF (Prop_obuf_I_O)         3.711    21.728 r  led_OBUF[13]_inst/O
                         net (fo=0)                   0.000    21.728    led[13]
    N3                                                                r  led[13] (OUT)
  -------------------------------------------------------------------    -------------------

Slack:                    inf
  Source:                 IF_Unit/PC_reg_rep[4]/C
                            (rising edge-triggered cell FDCE)
  Destination:            cat[6]
                            (output port)
  Path Group:             (none)
  Path Type:              Max at Slow Process Corner
  Data Path Delay:        21.608ns  (logic 8.064ns (37.318%)  route 13.544ns (62.682%))
  Logic Levels:           17  (CARRY4=2 FDCE=1 LUT4=3 LUT5=2 LUT6=4 MUXF7=3 OBUF=1 RAMS64E=1)

    Location             Delay type                Incr(ns)  Path(ns)    Netlist Resource(s)
  -------------------------------------------------------------------    -------------------
    SLICE_X59Y10         FDCE                         0.000     0.000 r  IF_Unit/PC_reg_rep[4]/C
    SLICE_X59Y10         FDCE (Prop_fdce_C_Q)         0.459     0.459 f  IF_Unit/PC_reg_rep[4]/Q
                         net (fo=1, routed)           0.656     1.115    IF_Unit/PC_reg_rep[4]
    SLICE_X59Y10         LUT5 (Prop_lut5_I1_O)        0.124     1.239 r  IF_Unit/led_OBUF[8]_inst_i_2/O
                         net (fo=43, routed)          1.559     2.798    IF_Unit/led_OBUF[8]_inst_i_2_n_0
    SLICE_X59Y12         LUT4 (Prop_lut4_I1_O)        0.118     2.916 r  IF_Unit/g0_b0_i_2/O
                         net (fo=7, routed)           1.014     3.930    IF_Unit/Instruction[9]
    SLICE_X61Y12         LUT4 (Prop_lut4_I1_O)        0.326     4.256 r  IF_Unit/g0_b0/O
                         net (fo=55, routed)          1.797     6.053    IF_Unit/PC_reg_rep[1]_0
    SLICE_X59Y9          LUT6 (Prop_lut6_I5_O)        0.124     6.177 r  IF_Unit/i___0_carry_i_9/O
                         net (fo=5, routed)           1.146     7.323    IF_Unit/PC_reg_rep[2]_0[0]
    SLICE_X63Y10         LUT6 (Prop_lut6_I2_O)        0.124     7.447 r  IF_Unit/i___0_carry_i_6/O
                         net (fo=1, routed)           0.000     7.447    EX_Unit/S[1]
    SLICE_X63Y10         CARRY4 (Prop_carry4_S[1]_CO[3])
                                                      0.550     7.997 r  EX_Unit/_inferred__1/i___0_carry/CO[3]
                         net (fo=1, routed)           0.000     7.997    EX_Unit/_inferred__1/i___0_carry_n_0
    SLICE_X63Y11         CARRY4 (Prop_carry4_CI_O[0])
                                                      0.222     8.219 r  EX_Unit/_inferred__1/i___0_carry__0/O[0]
                         net (fo=1, routed)           0.314     8.533    IF_Unit/data0[4]
    SLICE_X64Y10         LUT6 (Prop_lut6_I5_O)        0.299     8.832 r  IF_Unit/MEM_reg_0_127_0_0_i_17/O
                         net (fo=2, routed)           0.000     8.832    IF_Unit/MEM_reg_0_127_0_0_i_17_n_0
    SLICE_X64Y10         MUXF7 (Prop_muxf7_I0_O)      0.209     9.041 r  IF_Unit/MEM_reg_0_127_0_0_i_6/O
                         net (fo=34, routed)          1.892    10.933    MEM_Unit/MEM_reg_0_127_10_10/A4
    SLICE_X60Y7          RAMS64E (Prop_rams64e_ADR4_O)
                                                      0.579    11.512 r  MEM_Unit/MEM_reg_0_127_10_10/LOW/O
                         net (fo=1, routed)           0.000    11.512    MEM_Unit/MEM_reg_0_127_10_10/O0
    SLICE_X60Y7          MUXF7 (Prop_muxf7_I0_O)      0.209    11.721 r  MEM_Unit/MEM_reg_0_127_10_10/F7/O
                         net (fo=2, routed)           1.440    13.162    IF_Unit/MemData[10]
    SLICE_X63Y14         LUT5 (Prop_lut5_I1_O)        0.297    13.459 r  IF_Unit/led_OBUF[10]_inst_i_4/O
                         net (fo=1, routed)           0.000    13.459    ID_Unit/led_OBUF[10]_inst_i_1
    SLICE_X63Y14         MUXF7 (Prop_muxf7_I1_O)      0.217    13.676 r  ID_Unit/led_OBUF[10]_inst_i_2/O
                         net (fo=2, routed)           0.813    14.488    ID_Unit/sw[2][10]
    SLICE_X62Y15         LUT6 (Prop_lut6_I5_O)        0.299    14.787 r  ID_Unit/cat_OBUF[6]_inst_i_4/O
                         net (fo=7, routed)           1.005    15.792    ID_Unit/SSD_Unit/current_digit__31[2]
    SLICE_X64Y15         LUT4 (Prop_lut4_I2_O)        0.152    15.944 r  ID_Unit/cat_OBUF[6]_inst_i_1/O
                         net (fo=1, routed)           1.908    17.852    cat_OBUF[6]
    U7                   OBUF (Prop_obuf_I_O)         3.755    21.608 r  cat_OBUF[6]_inst/O
                         net (fo=0)                   0.000    21.608    cat[6]
    U7                                                                r  cat[6] (OUT)
  -------------------------------------------------------------------    -------------------

Slack:                    inf
  Source:                 IF_Unit/PC_reg_rep[4]/C
                            (rising edge-triggered cell FDCE)
  Destination:            led[14]
                            (output port)
  Path Group:             (none)
  Path Type:              Max at Slow Process Corner
  Data Path Delay:        21.584ns  (logic 7.625ns (35.326%)  route 13.959ns (64.674%))
  Logic Levels:           15  (CARRY4=1 FDCE=1 LUT2=1 LUT4=2 LUT5=3 LUT6=2 MUXF7=3 OBUF=1 RAMS64E=1)

    Location             Delay type                Incr(ns)  Path(ns)    Netlist Resource(s)
  -------------------------------------------------------------------    -------------------
    SLICE_X59Y10         FDCE                         0.000     0.000 r  IF_Unit/PC_reg_rep[4]/C
    SLICE_X59Y10         FDCE (Prop_fdce_C_Q)         0.459     0.459 f  IF_Unit/PC_reg_rep[4]/Q
                         net (fo=1, routed)           0.656     1.115    IF_Unit/PC_reg_rep[4]
    SLICE_X59Y10         LUT5 (Prop_lut5_I1_O)        0.124     1.239 r  IF_Unit/led_OBUF[8]_inst_i_2/O
                         net (fo=43, routed)          1.559     2.798    IF_Unit/led_OBUF[8]_inst_i_2_n_0
    SLICE_X59Y12         LUT4 (Prop_lut4_I1_O)        0.118     2.916 r  IF_Unit/g0_b0_i_2/O
                         net (fo=7, routed)           1.014     3.930    IF_Unit/Instruction[9]
    SLICE_X61Y12         LUT4 (Prop_lut4_I1_O)        0.326     4.256 r  IF_Unit/g0_b0/O
                         net (fo=55, routed)          1.797     6.053    IF_Unit/PC_reg_rep[1]_0
    SLICE_X59Y9          LUT6 (Prop_lut6_I5_O)        0.124     6.177 r  IF_Unit/i___0_carry_i_9/O
                         net (fo=5, routed)           1.146     7.323    IF_Unit/PC_reg_rep[2]_0[0]
    SLICE_X63Y10         LUT6 (Prop_lut6_I2_O)        0.124     7.447 r  IF_Unit/i___0_carry_i_6/O
                         net (fo=1, routed)           0.000     7.447    EX_Unit/S[1]
    SLICE_X63Y10         CARRY4 (Prop_carry4_S[1]_O[2])
                                                      0.580     8.027 r  EX_Unit/_inferred__1/i___0_carry/O[2]
                         net (fo=1, routed)           0.643     8.670    IF_Unit/data0[2]
    SLICE_X63Y9          LUT5 (Prop_lut5_I4_O)        0.302     8.972 r  IF_Unit/MEM_reg_0_127_0_0_i_13/O
                         net (fo=2, routed)           0.000     8.972    IF_Unit/MEM_reg_0_127_0_0_i_13_n_0
    SLICE_X63Y9          MUXF7 (Prop_muxf7_I0_O)      0.212     9.184 r  IF_Unit/MEM_reg_0_127_0_0_i_4/O
                         net (fo=34, routed)          1.670    10.853    MEM_Unit/MEM_reg_0_127_14_14/A2
    SLICE_X56Y10         RAMS64E (Prop_rams64e_ADR2_O)
                                                      0.684    11.538 r  MEM_Unit/MEM_reg_0_127_14_14/HIGH/O
                         net (fo=1, routed)           0.000    11.538    MEM_Unit/MEM_reg_0_127_14_14/O1
    SLICE_X56Y10         MUXF7 (Prop_muxf7_I1_O)      0.214    11.752 r  MEM_Unit/MEM_reg_0_127_14_14/F7/O
                         net (fo=2, routed)           1.440    13.192    IF_Unit/MemData[14]
    SLICE_X60Y15         LUT5 (Prop_lut5_I1_O)        0.297    13.489 r  IF_Unit/led_OBUF[14]_inst_i_4/O
                         net (fo=1, routed)           0.000    13.489    ID_Unit/cat_OBUF[6]_inst_i_4_0
    SLICE_X60Y15         MUXF7 (Prop_muxf7_I1_O)      0.247    13.736 r  ID_Unit/led_OBUF[14]_inst_i_2/O
                         net (fo=2, routed)           1.108    14.843    ID_Unit/DisplayData[14]
    SLICE_X64Y19         LUT2 (Prop_lut2_I0_O)        0.298    15.141 r  ID_Unit/led_OBUF[14]_inst_i_1/O
                         net (fo=1, routed)           2.927    18.068    led_OBUF[14]
    P1                   OBUF (Prop_obuf_I_O)         3.515    21.584 r  led_OBUF[14]_inst/O
                         net (fo=0)                   0.000    21.584    led[14]
    P1                                                                r  led[14] (OUT)
  -------------------------------------------------------------------    -------------------

Slack:                    inf
  Source:                 IF_Unit/PC_reg_rep[4]/C
                            (rising edge-triggered cell FDCE)
  Destination:            led[7]
                            (output port)
  Path Group:             (none)
  Path Type:              Max at Slow Process Corner
  Data Path Delay:        21.440ns  (logic 7.371ns (34.380%)  route 14.069ns (65.620%))
  Logic Levels:           16  (CARRY4=2 FDCE=1 LUT3=1 LUT4=2 LUT5=2 LUT6=3 MUXF7=3 OBUF=1 RAMS64E=1)

    Location             Delay type                Incr(ns)  Path(ns)    Netlist Resource(s)
  -------------------------------------------------------------------    -------------------
    SLICE_X59Y10         FDCE                         0.000     0.000 r  IF_Unit/PC_reg_rep[4]/C
    SLICE_X59Y10         FDCE (Prop_fdce_C_Q)         0.459     0.459 f  IF_Unit/PC_reg_rep[4]/Q
                         net (fo=1, routed)           0.656     1.115    IF_Unit/PC_reg_rep[4]
    SLICE_X59Y10         LUT5 (Prop_lut5_I1_O)        0.124     1.239 r  IF_Unit/led_OBUF[8]_inst_i_2/O
                         net (fo=43, routed)          1.559     2.798    IF_Unit/led_OBUF[8]_inst_i_2_n_0
    SLICE_X59Y12         LUT4 (Prop_lut4_I1_O)        0.118     2.916 r  IF_Unit/g0_b0_i_2/O
                         net (fo=7, routed)           1.014     3.930    IF_Unit/Instruction[9]
    SLICE_X61Y12         LUT4 (Prop_lut4_I1_O)        0.326     4.256 r  IF_Unit/g0_b0/O
                         net (fo=55, routed)          1.797     6.053    IF_Unit/PC_reg_rep[1]_0
    SLICE_X59Y9          LUT6 (Prop_lut6_I5_O)        0.124     6.177 r  IF_Unit/i___0_carry_i_9/O
                         net (fo=5, routed)           1.146     7.323    IF_Unit/PC_reg_rep[2]_0[0]
    SLICE_X63Y10         LUT6 (Prop_lut6_I2_O)        0.124     7.447 r  IF_Unit/i___0_carry_i_6/O
                         net (fo=1, routed)           0.000     7.447    EX_Unit/S[1]
    SLICE_X63Y10         CARRY4 (Prop_carry4_S[1]_CO[3])
                                                      0.550     7.997 r  EX_Unit/_inferred__1/i___0_carry/CO[3]
                         net (fo=1, routed)           0.000     7.997    EX_Unit/_inferred__1/i___0_carry_n_0
    SLICE_X63Y11         CARRY4 (Prop_carry4_CI_O[1])
                                                      0.334     8.331 r  EX_Unit/_inferred__1/i___0_carry__0/O[1]
                         net (fo=1, routed)           0.819     9.150    IF_Unit/data0[5]
    SLICE_X65Y10         LUT6 (Prop_lut6_I5_O)        0.303     9.453 r  IF_Unit/MEM_reg_0_127_0_0_i_19/O
                         net (fo=2, routed)           0.000     9.453    IF_Unit/MEM_reg_0_127_0_0_i_19_n_0
    SLICE_X65Y10         MUXF7 (Prop_muxf7_I0_O)      0.212     9.665 r  IF_Unit/MEM_reg_0_127_0_0_i_7/O
                         net (fo=34, routed)          1.792    11.457    MEM_Unit/MEM_reg_0_127_7_7/A5
    SLICE_X60Y8          RAMS64E (Prop_rams64e_ADR5_O)
                                                      0.169    11.626 r  MEM_Unit/MEM_reg_0_127_7_7/HIGH/O
                         net (fo=1, routed)           0.000    11.626    MEM_Unit/MEM_reg_0_127_7_7/O1
    SLICE_X60Y8          MUXF7 (Prop_muxf7_I1_O)      0.214    11.840 r  MEM_Unit/MEM_reg_0_127_7_7/F7/O
                         net (fo=2, routed)           0.765    12.605    IF_Unit/MemData[7]
    SLICE_X62Y12         LUT5 (Prop_lut5_I1_O)        0.297    12.902 r  IF_Unit/led_OBUF[7]_inst_i_4/O
                         net (fo=1, routed)           0.000    12.902    ID_Unit/led_OBUF[7]_inst_i_1
    SLICE_X62Y12         MUXF7 (Prop_muxf7_I1_O)      0.217    13.119 r  ID_Unit/led_OBUF[7]_inst_i_2/O
                         net (fo=2, routed)           0.595    13.713    IF_Unit/led[11][7]
    SLICE_X62Y14         LUT3 (Prop_lut3_I2_O)        0.299    14.012 r  IF_Unit/led_OBUF[7]_inst_i_1/O
                         net (fo=1, routed)           3.927    17.939    led_OBUF[7]
    V14                  OBUF (Prop_obuf_I_O)         3.501    21.440 r  led_OBUF[7]_inst/O
                         net (fo=0)                   0.000    21.440    led[7]
    V14                                                               r  led[7] (OUT)
  -------------------------------------------------------------------    -------------------

Slack:                    inf
  Source:                 IF_Unit/PC_reg_rep[4]/C
                            (rising edge-triggered cell FDCE)
  Destination:            cat[0]
                            (output port)
  Path Group:             (none)
  Path Type:              Max at Slow Process Corner
  Data Path Delay:        21.333ns  (logic 7.747ns (36.313%)  route 13.586ns (63.687%))
  Logic Levels:           16  (CARRY4=2 FDCE=1 LUT4=3 LUT5=2 LUT6=4 MUXF7=3 OBUF=1)

    Location             Delay type                Incr(ns)  Path(ns)    Netlist Resource(s)
  -------------------------------------------------------------------    -------------------
    SLICE_X59Y10         FDCE                         0.000     0.000 r  IF_Unit/PC_reg_rep[4]/C
    SLICE_X59Y10         FDCE (Prop_fdce_C_Q)         0.459     0.459 f  IF_Unit/PC_reg_rep[4]/Q
                         net (fo=1, routed)           0.656     1.115    IF_Unit/PC_reg_rep[4]
    SLICE_X59Y10         LUT5 (Prop_lut5_I1_O)        0.124     1.239 r  IF_Unit/led_OBUF[8]_inst_i_2/O
                         net (fo=43, routed)          1.559     2.798    IF_Unit/led_OBUF[8]_inst_i_2_n_0
    SLICE_X59Y12         LUT4 (Prop_lut4_I1_O)        0.118     2.916 r  IF_Unit/g0_b0_i_2/O
                         net (fo=7, routed)           1.014     3.930    IF_Unit/Instruction[9]
    SLICE_X61Y12         LUT4 (Prop_lut4_I1_O)        0.326     4.256 r  IF_Unit/g0_b0/O
                         net (fo=55, routed)          1.797     6.053    IF_Unit/PC_reg_rep[1]_0
    SLICE_X59Y9          LUT6 (Prop_lut6_I5_O)        0.124     6.177 r  IF_Unit/i___0_carry_i_9/O
                         net (fo=5, routed)           1.146     7.323    IF_Unit/PC_reg_rep[2]_0[0]
    SLICE_X63Y10         LUT6 (Prop_lut6_I2_O)        0.124     7.447 r  IF_Unit/i___0_carry_i_6/O
                         net (fo=1, routed)           0.000     7.447    EX_Unit/S[1]
    SLICE_X63Y10         CARRY4 (Prop_carry4_S[1]_CO[3])
                                                      0.550     7.997 r  EX_Unit/_inferred__1/i___0_carry/CO[3]
                         net (fo=1, routed)           0.000     7.997    EX_Unit/_inferred__1/i___0_carry_n_0
    SLICE_X63Y11         CARRY4 (Prop_carry4_CI_O[2])
                                                      0.239     8.236 r  EX_Unit/_inferred__1/i___0_carry__0/O[2]
                         net (fo=1, routed)           0.587     8.823    IF_Unit/data0[6]
    SLICE_X64Y11         LUT6 (Prop_lut6_I5_O)        0.302     9.125 r  IF_Unit/MEM_reg_0_127_0_0_i_21/O
                         net (fo=2, routed)           0.000     9.125    IF_Unit/MEM_reg_0_127_0_0_i_21_n_0
    SLICE_X64Y11         MUXF7 (Prop_muxf7_I0_O)      0.209     9.334 r  IF_Unit/MEM_reg_0_127_0_0_i_8/O
                         net (fo=51, routed)          1.489    10.822    MEM_Unit/MEM_reg_0_127_4_4/A6
    SLICE_X56Y9          MUXF7 (Prop_muxf7_S_O)       0.487    11.309 r  MEM_Unit/MEM_reg_0_127_4_4/F7/O
                         net (fo=2, routed)           0.740    12.050    IF_Unit/MemData[4]
    SLICE_X59Y9          LUT5 (Prop_lut5_I1_O)        0.298    12.348 r  IF_Unit/led_OBUF[4]_inst_i_8/O
                         net (fo=1, routed)           0.000    12.348    ID_Unit/led_OBUF[4]_inst_i_1
    SLICE_X59Y9          MUXF7 (Prop_muxf7_I1_O)      0.217    12.565 r  ID_Unit/led_OBUF[4]_inst_i_4/O
                         net (fo=2, routed)           1.754    14.318    ID_Unit/sw[2][4]
    SLICE_X62Y14         LUT6 (Prop_lut6_I0_O)        0.299    14.617 r  ID_Unit/cat_OBUF[6]_inst_i_3/O
                         net (fo=7, routed)           0.831    15.448    ID_Unit/SSD_Unit/current_digit__31[0]
    SLICE_X64Y15         LUT4 (Prop_lut4_I2_O)        0.153    15.601 r  ID_Unit/cat_OBUF[0]_inst_i_1/O
                         net (fo=1, routed)           2.014    17.615    cat_OBUF[0]
    W7                   OBUF (Prop_obuf_I_O)         3.718    21.333 r  cat_OBUF[0]_inst/O
                         net (fo=0)                   0.000    21.333    cat[0]
    W7                                                                r  cat[0] (OUT)
  -------------------------------------------------------------------    -------------------





Min Delay Paths
--------------------------------------------------------------------------------------
Slack:                    inf
  Source:                 IF_Unit/PC_reg[15]/C
                            (rising edge-triggered cell FDCE)
  Destination:            IF_Unit/PC_reg[15]/D
  Path Group:             (none)
  Path Type:              Min at Fast Process Corner
  Data Path Delay:        0.359ns  (logic 0.191ns (53.168%)  route 0.168ns (46.832%))
  Logic Levels:           2  (FDCE=1 LUT6=1)

    Location             Delay type                Incr(ns)  Path(ns)    Netlist Resource(s)
  -------------------------------------------------------------------    -------------------
    SLICE_X59Y16         FDCE                         0.000     0.000 r  IF_Unit/PC_reg[15]/C
    SLICE_X59Y16         FDCE (Prop_fdce_C_Q)         0.146     0.146 r  IF_Unit/PC_reg[15]/Q
                         net (fo=3, routed)           0.168     0.314    IF_Unit/Q[15]
    SLICE_X59Y16         LUT6 (Prop_lut6_I4_O)        0.045     0.359 r  IF_Unit/PC[15]_i_1/O
                         net (fo=1, routed)           0.000     0.359    IF_Unit/PC_next[15]
    SLICE_X59Y16         FDCE                                         r  IF_Unit/PC_reg[15]/D
  -------------------------------------------------------------------    -------------------

Slack:                    inf
  Source:                 IF_Unit/PC_reg[13]/C
                            (rising edge-triggered cell FDCE)
  Destination:            IF_Unit/PC_reg[13]/D
  Path Group:             (none)
  Path Type:              Min at Fast Process Corner
  Data Path Delay:        0.412ns  (logic 0.191ns (46.384%)  route 0.221ns (53.616%))
  Logic Levels:           2  (FDCE=1 LUT6=1)

    Location             Delay type                Incr(ns)  Path(ns)    Netlist Resource(s)
  -------------------------------------------------------------------    -------------------
    SLICE_X59Y14         FDCE                         0.000     0.000 r  IF_Unit/PC_reg[13]/C
    SLICE_X59Y14         FDCE (Prop_fdce_C_Q)         0.146     0.146 r  IF_Unit/PC_reg[13]/Q
                         net (fo=3, routed)           0.221     0.367    IF_Unit/Q[13]
    SLICE_X59Y14         LUT6 (Prop_lut6_I4_O)        0.045     0.412 r  IF_Unit/PC[13]_i_1/O
                         net (fo=1, routed)           0.000     0.412    IF_Unit/PC_next[13]
    SLICE_X59Y14         FDCE                                         r  IF_Unit/PC_reg[13]/D
  -------------------------------------------------------------------    -------------------

Slack:                    inf
  Source:                 IF_Unit/PC_reg[14]/C
                            (rising edge-triggered cell FDCE)
  Destination:            IF_Unit/PC_reg[14]/D
  Path Group:             (none)
  Path Type:              Min at Fast Process Corner
  Data Path Delay:        0.435ns  (logic 0.191ns (43.870%)  route 0.244ns (56.130%))
  Logic Levels:           2  (FDCE=1 LUT6=1)

    Location             Delay type                Incr(ns)  Path(ns)    Netlist Resource(s)
  -------------------------------------------------------------------    -------------------
    SLICE_X59Y15         FDCE                         0.000     0.000 r  IF_Unit/PC_reg[14]/C
    SLICE_X59Y15         FDCE (Prop_fdce_C_Q)         0.146     0.146 r  IF_Unit/PC_reg[14]/Q
                         net (fo=3, routed)           0.244     0.390    IF_Unit/Q[14]
    SLICE_X59Y15         LUT6 (Prop_lut6_I4_O)        0.045     0.435 r  IF_Unit/PC[14]_i_1/O
                         net (fo=1, routed)           0.000     0.435    IF_Unit/PC_next[14]
    SLICE_X59Y15         FDCE                                         r  IF_Unit/PC_reg[14]/D
  -------------------------------------------------------------------    -------------------

Slack:                    inf
  Source:                 IF_Unit/PC_reg_rep[0]/C
                            (rising edge-triggered cell FDCE)
  Destination:            IF_Unit/PC_reg[3]/D
  Path Group:             (none)
  Path Type:              Min at Fast Process Corner
  Data Path Delay:        0.478ns  (logic 0.191ns (39.989%)  route 0.287ns (60.011%))
  Logic Levels:           2  (FDCE=1 LUT5=1)

    Location             Delay type                Incr(ns)  Path(ns)    Netlist Resource(s)
  -------------------------------------------------------------------    -------------------
    SLICE_X58Y10         FDCE                         0.000     0.000 r  IF_Unit/PC_reg_rep[0]/C
    SLICE_X58Y10         FDCE (Prop_fdce_C_Q)         0.146     0.146 r  IF_Unit/PC_reg_rep[0]/Q
                         net (fo=41, routed)          0.287     0.433    IF_Unit/PC_reg_rep[0]
    SLICE_X58Y10         LUT5 (Prop_lut5_I3_O)        0.045     0.478 r  IF_Unit/PC_rep[3]_i_1/O
                         net (fo=2, routed)           0.000     0.478    IF_Unit/PC_next_0[3]
    SLICE_X58Y10         FDCE                                         r  IF_Unit/PC_reg[3]/D
  -------------------------------------------------------------------    -------------------

Slack:                    inf
  Source:                 ID_Unit/reg_file_reg_r2_0_7_6_11/RAMB_D1/CLK
                            (rising edge-triggered cell RAMD32)
  Destination:            MEM_Unit/MEM_reg_0_127_9_9/HIGH/I
  Path Group:             (none)
  Path Type:              Min at Fast Process Corner
  Data Path Delay:        0.534ns  (logic 0.388ns (72.679%)  route 0.146ns (27.321%))
  Logic Levels:           1  (RAMD32=1)

    Location             Delay type                Incr(ns)  Path(ns)    Netlist Resource(s)
  -------------------------------------------------------------------    -------------------
    SLICE_X60Y12         RAMD32                       0.000     0.000 r  ID_Unit/reg_file_reg_r2_0_7_6_11/RAMB_D1/CLK
    SLICE_X60Y12         RAMD32 (Prop_ramd32_CLK_O)
                                                      0.388     0.388 r  ID_Unit/reg_file_reg_r2_0_7_6_11/RAMB_D1/O
                         net (fo=8, routed)           0.146     0.534    MEM_Unit/MEM_reg_0_127_9_9/D
    SLICE_X60Y11         RAMS64E                                      r  MEM_Unit/MEM_reg_0_127_9_9/HIGH/I
  -------------------------------------------------------------------    -------------------

Slack:                    inf
  Source:                 ID_Unit/reg_file_reg_r2_0_7_6_11/RAMB_D1/CLK
                            (rising edge-triggered cell RAMD32)
  Destination:            MEM_Unit/MEM_reg_0_127_9_9/LOW/I
  Path Group:             (none)
  Path Type:              Min at Fast Process Corner
  Data Path Delay:        0.534ns  (logic 0.388ns (72.679%)  route 0.146ns (27.321%))
  Logic Levels:           1  (RAMD32=1)

    Location             Delay type                Incr(ns)  Path(ns)    Netlist Resource(s)
  -------------------------------------------------------------------    -------------------
    SLICE_X60Y12         RAMD32                       0.000     0.000 r  ID_Unit/reg_file_reg_r2_0_7_6_11/RAMB_D1/CLK
    SLICE_X60Y12         RAMD32 (Prop_ramd32_CLK_O)
                                                      0.388     0.388 r  ID_Unit/reg_file_reg_r2_0_7_6_11/RAMB_D1/O
                         net (fo=8, routed)           0.146     0.534    MEM_Unit/MEM_reg_0_127_9_9/D
    SLICE_X60Y11         RAMS64E                                      r  MEM_Unit/MEM_reg_0_127_9_9/LOW/I
  -------------------------------------------------------------------    -------------------

Slack:                    inf
  Source:                 ID_Unit/reg_file_reg_r2_0_7_6_11/RAMB/CLK
                            (rising edge-triggered cell RAMD32)
  Destination:            MEM_Unit/MEM_reg_0_127_8_8/HIGH/I
  Path Group:             (none)
  Path Type:              Min at Fast Process Corner
  Data Path Delay:        0.550ns  (logic 0.394ns (71.605%)  route 0.156ns (28.395%))
  Logic Levels:           1  (RAMD32=1)

    Location             Delay type                Incr(ns)  Path(ns)    Netlist Resource(s)
  -------------------------------------------------------------------    -------------------
    SLICE_X60Y12         RAMD32                       0.000     0.000 r  ID_Unit/reg_file_reg_r2_0_7_6_11/RAMB/CLK
    SLICE_X60Y12         RAMD32 (Prop_ramd32_CLK_O)
                                                      0.394     0.394 r  ID_Unit/reg_file_reg_r2_0_7_6_11/RAMB/O
                         net (fo=8, routed)           0.156     0.550    MEM_Unit/MEM_reg_0_127_8_8/D
    SLICE_X60Y11         RAMS64E                                      r  MEM_Unit/MEM_reg_0_127_8_8/HIGH/I
  -------------------------------------------------------------------    -------------------

Slack:                    inf
  Source:                 ID_Unit/reg_file_reg_r2_0_7_6_11/RAMB/CLK
                            (rising edge-triggered cell RAMD32)
  Destination:            MEM_Unit/MEM_reg_0_127_8_8/LOW/I
  Path Group:             (none)
  Path Type:              Min at Fast Process Corner
  Data Path Delay:        0.550ns  (logic 0.394ns (71.605%)  route 0.156ns (28.395%))
  Logic Levels:           1  (RAMD32=1)

    Location             Delay type                Incr(ns)  Path(ns)    Netlist Resource(s)
  -------------------------------------------------------------------    -------------------
    SLICE_X60Y12         RAMD32                       0.000     0.000 r  ID_Unit/reg_file_reg_r2_0_7_6_11/RAMB/CLK
    SLICE_X60Y12         RAMD32 (Prop_ramd32_CLK_O)
                                                      0.394     0.394 r  ID_Unit/reg_file_reg_r2_0_7_6_11/RAMB/O
                         net (fo=8, routed)           0.156     0.550    MEM_Unit/MEM_reg_0_127_8_8/D
    SLICE_X60Y11         RAMS64E                                      r  MEM_Unit/MEM_reg_0_127_8_8/LOW/I
  -------------------------------------------------------------------    -------------------

Slack:                    inf
  Source:                 IF_Unit/PC_reg_rep[2]/C
                            (rising edge-triggered cell FDCE)
  Destination:            IF_Unit/PC_reg_rep[7]/D
  Path Group:             (none)
  Path Type:              Min at Fast Process Corner
  Data Path Delay:        0.564ns  (logic 0.191ns (33.866%)  route 0.373ns (66.134%))
  Logic Levels:           2  (FDCE=1 LUT6=1)

    Location             Delay type                Incr(ns)  Path(ns)    Netlist Resource(s)
  -------------------------------------------------------------------    -------------------
    SLICE_X59Y9          FDCE                         0.000     0.000 r  IF_Unit/PC_reg_rep[2]/C
    SLICE_X59Y9          FDCE (Prop_fdce_C_Q)         0.146     0.146 r  IF_Unit/PC_reg_rep[2]/Q
                         net (fo=43, routed)          0.317     0.463    IF_Unit/PC_reg_rep[2]
    SLICE_X58Y10         LUT6 (Prop_lut6_I1_O)        0.045     0.508 r  IF_Unit/PC_rep[7]_i_1/O
                         net (fo=2, routed)           0.056     0.564    IF_Unit/PC_next_0[7]
    SLICE_X59Y10         FDCE                                         r  IF_Unit/PC_reg_rep[7]/D
  -------------------------------------------------------------------    -------------------

Slack:                    inf
  Source:                 IF_Unit/PC_reg_rep[2]/C
                            (rising edge-triggered cell FDCE)
  Destination:            ID_Unit/reg_file_reg_r2_0_7_0_5/RAMA/WE
  Path Group:             (none)
  Path Type:              Min at Fast Process Corner
  Data Path Delay:        0.573ns  (logic 0.195ns (34.043%)  route 0.378ns (65.957%))
  Logic Levels:           2  (FDCE=1 LUT4=1)

    Location             Delay type                Incr(ns)  Path(ns)    Netlist Resource(s)
  -------------------------------------------------------------------    -------------------
    SLICE_X59Y9          FDCE                         0.000     0.000 r  IF_Unit/PC_reg_rep[2]/C
    SLICE_X59Y9          FDCE (Prop_fdce_C_Q)         0.146     0.146 r  IF_Unit/PC_reg_rep[2]/Q
                         net (fo=43, routed)          0.177     0.323    IF_Unit/PC_reg_rep[2]
    SLICE_X58Y9          LUT4 (Prop_lut4_I0_O)        0.049     0.372 r  IF_Unit/reg_file_reg_r1_0_7_0_5_i_1/O
                         net (fo=48, routed)          0.201     0.573    ID_Unit/reg_file_reg_r2_0_7_0_5/WE
    SLICE_X60Y9          RAMD32                                       r  ID_Unit/reg_file_reg_r2_0_7_0_5/RAMA/WE
  -------------------------------------------------------------------    -------------------





--------------------------------------------------------------------------------------
Path Group:  (none)
From Clock:  sys_clk_pin
  To Clock:  

Max Delay            12 Endpoints
Min Delay            12 Endpoints
--------------------------------------------------------------------------------------


Max Delay Paths
--------------------------------------------------------------------------------------
Slack:                    inf
  Source:                 Debouncer_Unit/pulse_on_reg/C
                            (rising edge-triggered cell FDRE clocked by sys_clk_pin  {rise@0.000ns fall@5.000ns period=10.000ns})
  Destination:            led[15]
                            (output port)
  Path Group:             (none)
  Path Type:              Max at Slow Process Corner
  Data Path Delay:        11.385ns  (logic 4.449ns (39.082%)  route 6.935ns (60.918%))
  Logic Levels:           3  (BUFG=1 LUT3=1 OBUF=1)
  Clock Uncertainty:      0.025ns  ((TSJ^2 + TIJ^2)^1/2 + DJ) / 2 + PE
    Total System Jitter     (TSJ):    0.050ns
    Total Input Jitter      (TIJ):    0.000ns
    Discrete Jitter          (DJ):    0.000ns
    Phase Error              (PE):    0.000ns

    Location             Delay type                Incr(ns)  Path(ns)    Netlist Resource(s)
  -------------------------------------------------------------------    -------------------
                         (clock sys_clk_pin rise edge)
                                                      0.000     0.000 r  
    W5                                                0.000     0.000 r  clk (IN)
                         net (fo=0)                   0.000     0.000    clk
    W5                   IBUF (Prop_ibuf_I_O)         1.458     1.458 r  clk_IBUF_inst/O
                         net (fo=1, routed)           1.967     3.425    clk_IBUF
    BUFGCTRL_X0Y1        BUFG (Prop_bufg_I_O)         0.096     3.521 r  clk_IBUF_BUFG_inst/O
                         net (fo=50, routed)          1.565     5.086    Debouncer_Unit/CLK
    SLICE_X37Y46         FDRE                                         r  Debouncer_Unit/pulse_on_reg/C
  -------------------------------------------------------------------    -------------------
    SLICE_X37Y46         FDRE (Prop_fdre_C_Q)         0.456     5.542 r  Debouncer_Unit/pulse_on_reg/Q
                         net (fo=1, routed)           0.567     6.109    Debouncer_Unit/cpu_clk
    BUFGCTRL_X0Y0        BUFG (Prop_bufg_I_O)         0.096     6.205 r  Debouncer_Unit/cpu_clk_BUFG_inst/O
                         net (fo=107, routed)         2.293     8.498    Debouncer_Unit/cpu_clk_BUFG
    SLICE_X64Y19         LUT3 (Prop_lut3_I0_O)        0.152     8.650 r  Debouncer_Unit/led_OBUF[15]_inst_i_1/O
                         net (fo=1, routed)           4.076    12.726    led_OBUF[15]
    L1                   OBUF (Prop_obuf_I_O)         3.745    16.471 r  led_OBUF[15]_inst/O
                         net (fo=0)                   0.000    16.471    led[15]
    L1                                                                r  led[15] (OUT)
  -------------------------------------------------------------------    -------------------

Slack:                    inf
  Source:                 SSD_Unit/digit_select_reg[1]/C
                            (rising edge-triggered cell FDRE clocked by sys_clk_pin  {rise@0.000ns fall@5.000ns period=10.000ns})
  Destination:            cat[0]
                            (output port)
  Path Group:             (none)
  Path Type:              Max at Slow Process Corner
  Data Path Delay:        8.934ns  (logic 4.513ns (50.511%)  route 4.421ns (49.489%))
  Logic Levels:           3  (LUT4=1 LUT6=1 OBUF=1)
  Clock Uncertainty:      0.025ns  ((TSJ^2 + TIJ^2)^1/2 + DJ) / 2 + PE
    Total System Jitter     (TSJ):    0.050ns
    Total Input Jitter      (TIJ):    0.000ns
    Discrete Jitter          (DJ):    0.000ns
    Phase Error              (PE):    0.000ns

    Location             Delay type                Incr(ns)  Path(ns)    Netlist Resource(s)
  -------------------------------------------------------------------    -------------------
                         (clock sys_clk_pin rise edge)
                                                      0.000     0.000 r  
    W5                                                0.000     0.000 r  clk (IN)
                         net (fo=0)                   0.000     0.000    clk
    W5                   IBUF (Prop_ibuf_I_O)         1.458     1.458 r  clk_IBUF_inst/O
                         net (fo=1, routed)           1.967     3.425    clk_IBUF
    BUFGCTRL_X0Y1        BUFG (Prop_bufg_I_O)         0.096     3.521 r  clk_IBUF_BUFG_inst/O
                         net (fo=50, routed)          1.638     5.159    SSD_Unit/CLK
    SLICE_X64Y6          FDRE                                         r  SSD_Unit/digit_select_reg[1]/C
  -------------------------------------------------------------------    -------------------
    SLICE_X64Y6          FDRE (Prop_fdre_C_Q)         0.518     5.677 r  SSD_Unit/digit_select_reg[1]/Q
                         net (fo=8, routed)           1.576     7.254    ID_Unit/Q[1]
    SLICE_X62Y14         LUT6 (Prop_lut6_I3_O)        0.124     7.378 r  ID_Unit/cat_OBUF[6]_inst_i_3/O
                         net (fo=7, routed)           0.831     8.209    ID_Unit/SSD_Unit/current_digit__31[0]
    SLICE_X64Y15         LUT4 (Prop_lut4_I2_O)        0.153     8.362 r  ID_Unit/cat_OBUF[0]_inst_i_1/O
                         net (fo=1, routed)           2.014    10.376    cat_OBUF[0]
    W7                   OBUF (Prop_obuf_I_O)         3.718    14.093 r  cat_OBUF[0]_inst/O
                         net (fo=0)                   0.000    14.093    cat[0]
    W7                                                                r  cat[0] (OUT)
  -------------------------------------------------------------------    -------------------

Slack:                    inf
  Source:                 SSD_Unit/digit_select_reg[1]/C
                            (rising edge-triggered cell FDRE clocked by sys_clk_pin  {rise@0.000ns fall@5.000ns period=10.000ns})
  Destination:            cat[3]
                            (output port)
  Path Group:             (none)
  Path Type:              Max at Slow Process Corner
  Data Path Delay:        8.791ns  (logic 4.528ns (51.502%)  route 4.263ns (48.498%))
  Logic Levels:           3  (LUT4=1 LUT6=1 OBUF=1)
  Clock Uncertainty:      0.025ns  ((TSJ^2 + TIJ^2)^1/2 + DJ) / 2 + PE
    Total System Jitter     (TSJ):    0.050ns
    Total Input Jitter      (TIJ):    0.000ns
    Discrete Jitter          (DJ):    0.000ns
    Phase Error              (PE):    0.000ns

    Location             Delay type                Incr(ns)  Path(ns)    Netlist Resource(s)
  -------------------------------------------------------------------    -------------------
                         (clock sys_clk_pin rise edge)
                                                      0.000     0.000 r  
    W5                                                0.000     0.000 r  clk (IN)
                         net (fo=0)                   0.000     0.000    clk
    W5                   IBUF (Prop_ibuf_I_O)         1.458     1.458 r  clk_IBUF_inst/O
                         net (fo=1, routed)           1.967     3.425    clk_IBUF
    BUFGCTRL_X0Y1        BUFG (Prop_bufg_I_O)         0.096     3.521 r  clk_IBUF_BUFG_inst/O
                         net (fo=50, routed)          1.638     5.159    SSD_Unit/CLK
    SLICE_X64Y6          FDRE                                         r  SSD_Unit/digit_select_reg[1]/C
  -------------------------------------------------------------------    -------------------
    SLICE_X64Y6          FDRE (Prop_fdre_C_Q)         0.518     5.677 r  SSD_Unit/digit_select_reg[1]/Q
                         net (fo=8, routed)           1.576     7.254    ID_Unit/Q[1]
    SLICE_X62Y14         LUT6 (Prop_lut6_I3_O)        0.124     7.378 r  ID_Unit/cat_OBUF[6]_inst_i_3/O
                         net (fo=7, routed)           0.822     8.200    ID_Unit/SSD_Unit/current_digit__31[0]
    SLICE_X64Y15         LUT4 (Prop_lut4_I2_O)        0.146     8.346 r  ID_Unit/cat_OBUF[3]_inst_i_1/O
                         net (fo=1, routed)           1.865    10.211    cat_OBUF[3]
    V8                   OBUF (Prop_obuf_I_O)         3.740    13.950 r  cat_OBUF[3]_inst/O
                         net (fo=0)                   0.000    13.950    cat[3]
    V8                                                                r  cat[3] (OUT)
  -------------------------------------------------------------------    -------------------

Slack:                    inf
  Source:                 SSD_Unit/digit_select_reg[0]/C
                            (rising edge-triggered cell FDRE clocked by sys_clk_pin  {rise@0.000ns fall@5.000ns period=10.000ns})
  Destination:            cat[6]
                            (output port)
  Path Group:             (none)
  Path Type:              Max at Slow Process Corner
  Data Path Delay:        8.784ns  (logic 4.549ns (51.795%)  route 4.234ns (48.205%))
  Logic Levels:           3  (LUT4=1 LUT6=1 OBUF=1)
  Clock Uncertainty:      0.025ns  ((TSJ^2 + TIJ^2)^1/2 + DJ) / 2 + PE
    Total System Jitter     (TSJ):    0.050ns
    Total Input Jitter      (TIJ):    0.000ns
    Discrete Jitter          (DJ):    0.000ns
    Phase Error              (PE):    0.000ns

    Location             Delay type                Incr(ns)  Path(ns)    Netlist Resource(s)
  -------------------------------------------------------------------    -------------------
                         (clock sys_clk_pin rise edge)
                                                      0.000     0.000 r  
    W5                                                0.000     0.000 r  clk (IN)
                         net (fo=0)                   0.000     0.000    clk
    W5                   IBUF (Prop_ibuf_I_O)         1.458     1.458 r  clk_IBUF_inst/O
                         net (fo=1, routed)           1.967     3.425    clk_IBUF
    BUFGCTRL_X0Y1        BUFG (Prop_bufg_I_O)         0.096     3.521 r  clk_IBUF_BUFG_inst/O
                         net (fo=50, routed)          1.638     5.159    SSD_Unit/CLK
    SLICE_X64Y6          FDRE                                         r  SSD_Unit/digit_select_reg[0]/C
  -------------------------------------------------------------------    -------------------
    SLICE_X64Y6          FDRE (Prop_fdre_C_Q)         0.518     5.677 r  SSD_Unit/digit_select_reg[0]/Q
                         net (fo=8, routed)           1.321     6.998    ID_Unit/Q[0]
    SLICE_X62Y15         LUT6 (Prop_lut6_I4_O)        0.124     7.122 r  ID_Unit/cat_OBUF[6]_inst_i_4/O
                         net (fo=7, routed)           1.005     8.127    ID_Unit/SSD_Unit/current_digit__31[2]
    SLICE_X64Y15         LUT4 (Prop_lut4_I2_O)        0.152     8.279 r  ID_Unit/cat_OBUF[6]_inst_i_1/O
                         net (fo=1, routed)           1.908    10.187    cat_OBUF[6]
    U7                   OBUF (Prop_obuf_I_O)         3.755    13.943 r  cat_OBUF[6]_inst/O
                         net (fo=0)                   0.000    13.943    cat[6]
    U7                                                                r  cat[6] (OUT)
  -------------------------------------------------------------------    -------------------

Slack:                    inf
  Source:                 SSD_Unit/digit_select_reg[1]/C
                            (rising edge-triggered cell FDRE clocked by sys_clk_pin  {rise@0.000ns fall@5.000ns period=10.000ns})
  Destination:            cat[1]
                            (output port)
  Path Group:             (none)
  Path Type:              Max at Slow Process Corner
  Data Path Delay:        8.697ns  (logic 4.295ns (49.389%)  route 4.401ns (50.611%))
  Logic Levels:           3  (LUT4=1 LUT6=1 OBUF=1)
  Clock Uncertainty:      0.025ns  ((TSJ^2 + TIJ^2)^1/2 + DJ) / 2 + PE
    Total System Jitter     (TSJ):    0.050ns
    Total Input Jitter      (TIJ):    0.000ns
    Discrete Jitter          (DJ):    0.000ns
    Phase Error              (PE):    0.000ns

    Location             Delay type                Incr(ns)  Path(ns)    Netlist Resource(s)
  -------------------------------------------------------------------    -------------------
                         (clock sys_clk_pin rise edge)
                                                      0.000     0.000 r  
    W5                                                0.000     0.000 r  clk (IN)
                         net (fo=0)                   0.000     0.000    clk
    W5                   IBUF (Prop_ibuf_I_O)         1.458     1.458 r  clk_IBUF_inst/O
                         net (fo=1, routed)           1.967     3.425    clk_IBUF
    BUFGCTRL_X0Y1        BUFG (Prop_bufg_I_O)         0.096     3.521 r  clk_IBUF_BUFG_inst/O
                         net (fo=50, routed)          1.638     5.159    SSD_Unit/CLK
    SLICE_X64Y6          FDRE                                         r  SSD_Unit/digit_select_reg[1]/C
  -------------------------------------------------------------------    -------------------
    SLICE_X64Y6          FDRE (Prop_fdre_C_Q)         0.518     5.677 r  SSD_Unit/digit_select_reg[1]/Q
                         net (fo=8, routed)           1.576     7.254    ID_Unit/Q[1]
    SLICE_X62Y14         LUT6 (Prop_lut6_I3_O)        0.124     7.378 r  ID_Unit/cat_OBUF[6]_inst_i_3/O
                         net (fo=7, routed)           0.822     8.200    ID_Unit/SSD_Unit/current_digit__31[0]
    SLICE_X64Y15         LUT4 (Prop_lut4_I3_O)        0.124     8.324 r  ID_Unit/cat_OBUF[1]_inst_i_1/O
                         net (fo=1, routed)           2.003    10.327    cat_OBUF[1]
    W6                   OBUF (Prop_obuf_I_O)         3.529    13.856 r  cat_OBUF[1]_inst/O
                         net (fo=0)                   0.000    13.856    cat[1]
    W6                                                                r  cat[1] (OUT)
  -------------------------------------------------------------------    -------------------

Slack:                    inf
  Source:                 SSD_Unit/digit_select_reg[1]/C
                            (rising edge-triggered cell FDRE clocked by sys_clk_pin  {rise@0.000ns fall@5.000ns period=10.000ns})
  Destination:            cat[4]
                            (output port)
  Path Group:             (none)
  Path Type:              Max at Slow Process Corner
  Data Path Delay:        8.568ns  (logic 4.286ns (50.024%)  route 4.282ns (49.976%))
  Logic Levels:           3  (LUT4=1 LUT6=1 OBUF=1)
  Clock Uncertainty:      0.025ns  ((TSJ^2 + TIJ^2)^1/2 + DJ) / 2 + PE
    Total System Jitter     (TSJ):    0.050ns
    Total Input Jitter      (TIJ):    0.000ns
    Discrete Jitter          (DJ):    0.000ns
    Phase Error              (PE):    0.000ns

    Location             Delay type                Incr(ns)  Path(ns)    Netlist Resource(s)
  -------------------------------------------------------------------    -------------------
                         (clock sys_clk_pin rise edge)
                                                      0.000     0.000 r  
    W5                                                0.000     0.000 r  clk (IN)
                         net (fo=0)                   0.000     0.000    clk
    W5                   IBUF (Prop_ibuf_I_O)         1.458     1.458 r  clk_IBUF_inst/O
                         net (fo=1, routed)           1.967     3.425    clk_IBUF
    BUFGCTRL_X0Y1        BUFG (Prop_bufg_I_O)         0.096     3.521 r  clk_IBUF_BUFG_inst/O
                         net (fo=50, routed)          1.638     5.159    SSD_Unit/CLK
    SLICE_X64Y6          FDRE                                         r  SSD_Unit/digit_select_reg[1]/C
  -------------------------------------------------------------------    -------------------
    SLICE_X64Y6          FDRE (Prop_fdre_C_Q)         0.518     5.677 r  SSD_Unit/digit_select_reg[1]/Q
                         net (fo=8, routed)           1.576     7.254    ID_Unit/Q[1]
    SLICE_X62Y14         LUT6 (Prop_lut6_I3_O)        0.124     7.378 r  ID_Unit/cat_OBUF[6]_inst_i_3/O
                         net (fo=7, routed)           0.850     8.228    ID_Unit/SSD_Unit/current_digit__31[0]
    SLICE_X64Y15         LUT4 (Prop_lut4_I3_O)        0.124     8.352 r  ID_Unit/cat_OBUF[4]_inst_i_1/O
                         net (fo=1, routed)           1.855    10.207    cat_OBUF[4]
    U5                   OBUF (Prop_obuf_I_O)         3.520    13.727 r  cat_OBUF[4]_inst/O
                         net (fo=0)                   0.000    13.727    cat[4]
    U5                                                                r  cat[4] (OUT)
  -------------------------------------------------------------------    -------------------

Slack:                    inf
  Source:                 SSD_Unit/digit_select_reg[0]/C
                            (rising edge-triggered cell FDRE clocked by sys_clk_pin  {rise@0.000ns fall@5.000ns period=10.000ns})
  Destination:            cat[2]
                            (output port)
  Path Group:             (none)
  Path Type:              Max at Slow Process Corner
  Data Path Delay:        8.490ns  (logic 4.301ns (50.659%)  route 4.189ns (49.341%))
  Logic Levels:           3  (LUT4=1 LUT6=1 OBUF=1)
  Clock Uncertainty:      0.025ns  ((TSJ^2 + TIJ^2)^1/2 + DJ) / 2 + PE
    Total System Jitter     (TSJ):    0.050ns
    Total Input Jitter      (TIJ):    0.000ns
    Discrete Jitter          (DJ):    0.000ns
    Phase Error              (PE):    0.000ns

    Location             Delay type                Incr(ns)  Path(ns)    Netlist Resource(s)
  -------------------------------------------------------------------    -------------------
                         (clock sys_clk_pin rise edge)
                                                      0.000     0.000 r  
    W5                                                0.000     0.000 r  clk (IN)
                         net (fo=0)                   0.000     0.000    clk
    W5                   IBUF (Prop_ibuf_I_O)         1.458     1.458 r  clk_IBUF_inst/O
                         net (fo=1, routed)           1.967     3.425    clk_IBUF
    BUFGCTRL_X0Y1        BUFG (Prop_bufg_I_O)         0.096     3.521 r  clk_IBUF_BUFG_inst/O
                         net (fo=50, routed)          1.638     5.159    SSD_Unit/CLK
    SLICE_X64Y6          FDRE                                         r  SSD_Unit/digit_select_reg[0]/C
  -------------------------------------------------------------------    -------------------
    SLICE_X64Y6          FDRE (Prop_fdre_C_Q)         0.518     5.677 r  SSD_Unit/digit_select_reg[0]/Q
                         net (fo=8, routed)           1.321     6.998    ID_Unit/Q[0]
    SLICE_X62Y15         LUT6 (Prop_lut6_I4_O)        0.124     7.122 r  ID_Unit/cat_OBUF[6]_inst_i_4/O
                         net (fo=7, routed)           1.005     8.127    ID_Unit/SSD_Unit/current_digit__31[2]
    SLICE_X64Y15         LUT4 (Prop_lut4_I3_O)        0.124     8.251 r  ID_Unit/cat_OBUF[2]_inst_i_1/O
                         net (fo=1, routed)           1.863    10.114    cat_OBUF[2]
    U8                   OBUF (Prop_obuf_I_O)         3.535    13.650 r  cat_OBUF[2]_inst/O
                         net (fo=0)                   0.000    13.650    cat[2]
    U8                                                                r  cat[2] (OUT)
  -------------------------------------------------------------------    -------------------

Slack:                    inf
  Source:                 SSD_Unit/digit_select_reg[1]/C
                            (rising edge-triggered cell FDRE clocked by sys_clk_pin  {rise@0.000ns fall@5.000ns period=10.000ns})
  Destination:            cat[5]
                            (output port)
  Path Group:             (none)
  Path Type:              Max at Slow Process Corner
  Data Path Delay:        8.481ns  (logic 4.270ns (50.353%)  route 4.211ns (49.647%))
  Logic Levels:           3  (LUT4=1 LUT6=1 OBUF=1)
  Clock Uncertainty:      0.025ns  ((TSJ^2 + TIJ^2)^1/2 + DJ) / 2 + PE
    Total System Jitter     (TSJ):    0.050ns
    Total Input Jitter      (TIJ):    0.000ns
    Discrete Jitter          (DJ):    0.000ns
    Phase Error              (PE):    0.000ns

    Location             Delay type                Incr(ns)  Path(ns)    Netlist Resource(s)
  -------------------------------------------------------------------    -------------------
                         (clock sys_clk_pin rise edge)
                                                      0.000     0.000 r  
    W5                                                0.000     0.000 r  clk (IN)
                         net (fo=0)                   0.000     0.000    clk
    W5                   IBUF (Prop_ibuf_I_O)         1.458     1.458 r  clk_IBUF_inst/O
                         net (fo=1, routed)           1.967     3.425    clk_IBUF
    BUFGCTRL_X0Y1        BUFG (Prop_bufg_I_O)         0.096     3.521 r  clk_IBUF_BUFG_inst/O
                         net (fo=50, routed)          1.638     5.159    SSD_Unit/CLK
    SLICE_X64Y6          FDRE                                         r  SSD_Unit/digit_select_reg[1]/C
  -------------------------------------------------------------------    -------------------
    SLICE_X64Y6          FDRE (Prop_fdre_C_Q)         0.518     5.677 r  SSD_Unit/digit_select_reg[1]/Q
                         net (fo=8, routed)           1.576     7.254    ID_Unit/Q[1]
    SLICE_X62Y14         LUT6 (Prop_lut6_I3_O)        0.124     7.378 r  ID_Unit/cat_OBUF[6]_inst_i_3/O
                         net (fo=7, routed)           0.831     8.209    ID_Unit/SSD_Unit/current_digit__31[0]
    SLICE_X64Y15         LUT4 (Prop_lut4_I2_O)        0.124     8.333 r  ID_Unit/cat_OBUF[5]_inst_i_1/O
                         net (fo=1, routed)           1.803    10.136    cat_OBUF[5]
    V5                   OBUF (Prop_obuf_I_O)         3.504    13.640 r  cat_OBUF[5]_inst/O
                         net (fo=0)                   0.000    13.640    cat[5]
    V5                                                                r  cat[5] (OUT)
  -------------------------------------------------------------------    -------------------

Slack:                    inf
  Source:                 SSD_Unit/digit_select_reg[1]/C
                            (rising edge-triggered cell FDRE clocked by sys_clk_pin  {rise@0.000ns fall@5.000ns period=10.000ns})
  Destination:            an[0]
                            (output port)
  Path Group:             (none)
  Path Type:              Max at Slow Process Corner
  Data Path Delay:        7.623ns  (logic 4.145ns (54.376%)  route 3.478ns (45.624%))
  Logic Levels:           2  (LUT2=1 OBUF=1)
  Clock Uncertainty:      0.025ns  ((TSJ^2 + TIJ^2)^1/2 + DJ) / 2 + PE
    Total System Jitter     (TSJ):    0.050ns
    Total Input Jitter      (TIJ):    0.000ns
    Discrete Jitter          (DJ):    0.000ns
    Phase Error              (PE):    0.000ns

    Location             Delay type                Incr(ns)  Path(ns)    Netlist Resource(s)
  -------------------------------------------------------------------    -------------------
                         (clock sys_clk_pin rise edge)
                                                      0.000     0.000 r  
    W5                                                0.000     0.000 r  clk (IN)
                         net (fo=0)                   0.000     0.000    clk
    W5                   IBUF (Prop_ibuf_I_O)         1.458     1.458 r  clk_IBUF_inst/O
                         net (fo=1, routed)           1.967     3.425    clk_IBUF
    BUFGCTRL_X0Y1        BUFG (Prop_bufg_I_O)         0.096     3.521 r  clk_IBUF_BUFG_inst/O
                         net (fo=50, routed)          1.638     5.159    SSD_Unit/CLK
    SLICE_X64Y6          FDRE                                         r  SSD_Unit/digit_select_reg[1]/C
  -------------------------------------------------------------------    -------------------
    SLICE_X64Y6          FDRE (Prop_fdre_C_Q)         0.518     5.677 r  SSD_Unit/digit_select_reg[1]/Q
                         net (fo=8, routed)           1.169     6.846    SSD_Unit/Q[1]
    SLICE_X65Y15         LUT2 (Prop_lut2_I0_O)        0.124     6.970 r  SSD_Unit/an_OBUF[0]_inst_i_1/O
                         net (fo=1, routed)           2.309     9.279    an_OBUF[0]
    U2                   OBUF (Prop_obuf_I_O)         3.503    12.782 r  an_OBUF[0]_inst/O
                         net (fo=0)                   0.000    12.782    an[0]
    U2                                                                r  an[0] (OUT)
  -------------------------------------------------------------------    -------------------

Slack:                    inf
  Source:                 SSD_Unit/digit_select_reg[1]/C
                            (rising edge-triggered cell FDRE clocked by sys_clk_pin  {rise@0.000ns fall@5.000ns period=10.000ns})
  Destination:            an[3]
                            (output port)
  Path Group:             (none)
  Path Type:              Max at Slow Process Corner
  Data Path Delay:        7.496ns  (logic 4.380ns (58.437%)  route 3.115ns (41.563%))
  Logic Levels:           2  (LUT2=1 OBUF=1)
  Clock Uncertainty:      0.025ns  ((TSJ^2 + TIJ^2)^1/2 + DJ) / 2 + PE
    Total System Jitter     (TSJ):    0.050ns
    Total Input Jitter      (TIJ):    0.000ns
    Discrete Jitter          (DJ):    0.000ns
    Phase Error              (PE):    0.000ns

    Location             Delay type                Incr(ns)  Path(ns)    Netlist Resource(s)
  -------------------------------------------------------------------    -------------------
                         (clock sys_clk_pin rise edge)
                                                      0.000     0.000 r  
    W5                                                0.000     0.000 r  clk (IN)
                         net (fo=0)                   0.000     0.000    clk
    W5                   IBUF (Prop_ibuf_I_O)         1.458     1.458 r  clk_IBUF_inst/O
                         net (fo=1, routed)           1.967     3.425    clk_IBUF
    BUFGCTRL_X0Y1        BUFG (Prop_bufg_I_O)         0.096     3.521 r  clk_IBUF_BUFG_inst/O
                         net (fo=50, routed)          1.638     5.159    SSD_Unit/CLK
    SLICE_X64Y6          FDRE                                         r  SSD_Unit/digit_select_reg[1]/C
  -------------------------------------------------------------------    -------------------
    SLICE_X64Y6          FDRE (Prop_fdre_C_Q)         0.518     5.677 f  SSD_Unit/digit_select_reg[1]/Q
                         net (fo=8, routed)           1.169     6.846    SSD_Unit/Q[1]
    SLICE_X65Y15         LUT2 (Prop_lut2_I0_O)        0.150     6.996 r  SSD_Unit/an_OBUF[3]_inst_i_1/O
                         net (fo=1, routed)           1.947     8.943    an_OBUF[3]
    W4                   OBUF (Prop_obuf_I_O)         3.712    12.655 r  an_OBUF[3]_inst/O
                         net (fo=0)                   0.000    12.655    an[3]
    W4                                                                r  an[3] (OUT)
  -------------------------------------------------------------------    -------------------





Min Delay Paths
--------------------------------------------------------------------------------------
Slack:                    inf
  Source:                 SSD_Unit/digit_select_reg[0]/C
                            (rising edge-triggered cell FDRE clocked by sys_clk_pin  {rise@0.000ns fall@5.000ns period=10.000ns})
  Destination:            an[1]
                            (output port)
  Path Group:             (none)
  Path Type:              Min at Fast Process Corner
  Data Path Delay:        2.317ns  (logic 1.409ns (60.836%)  route 0.907ns (39.164%))
  Logic Levels:           2  (LUT2=1 OBUF=1)
  Clock Uncertainty:      0.025ns  ((TSJ^2 + TIJ^2)^1/2 + DJ) / 2 + PE
    Total System Jitter     (TSJ):    0.050ns
    Total Input Jitter      (TIJ):    0.000ns
    Discrete Jitter          (DJ):    0.000ns
    Phase Error              (PE):    0.000ns

    Location             Delay type                Incr(ns)  Path(ns)    Netlist Resource(s)
  -------------------------------------------------------------------    -------------------
                         (clock sys_clk_pin rise edge)
                                                      0.000     0.000 r  
    W5                                                0.000     0.000 r  clk (IN)
                         net (fo=0)                   0.000     0.000    clk
    W5                   IBUF (Prop_ibuf_I_O)         0.226     0.226 r  clk_IBUF_inst/O
                         net (fo=1, routed)           0.631     0.858    clk_IBUF
    BUFGCTRL_X0Y1        BUFG (Prop_bufg_I_O)         0.026     0.884 r  clk_IBUF_BUFG_inst/O
                         net (fo=50, routed)          0.595     1.478    SSD_Unit/CLK
    SLICE_X64Y6          FDRE                                         r  SSD_Unit/digit_select_reg[0]/C
  -------------------------------------------------------------------    -------------------
    SLICE_X64Y6          FDRE (Prop_fdre_C_Q)         0.164     1.642 f  SSD_Unit/digit_select_reg[0]/Q
                         net (fo=8, routed)           0.376     2.018    SSD_Unit/Q[0]
    SLICE_X65Y15         LUT2 (Prop_lut2_I1_O)        0.045     2.063 r  SSD_Unit/an_OBUF[1]_inst_i_1/O
                         net (fo=1, routed)           0.531     2.594    an_OBUF[1]
    U4                   OBUF (Prop_obuf_I_O)         1.200     3.795 r  an_OBUF[1]_inst/O
                         net (fo=0)                   0.000     3.795    an[1]
    U4                                                                r  an[1] (OUT)
  -------------------------------------------------------------------    -------------------

Slack:                    inf
  Source:                 SSD_Unit/digit_select_reg[0]/C
                            (rising edge-triggered cell FDRE clocked by sys_clk_pin  {rise@0.000ns fall@5.000ns period=10.000ns})
  Destination:            an[3]
                            (output port)
  Path Group:             (none)
  Path Type:              Min at Fast Process Corner
  Data Path Delay:        2.326ns  (logic 1.479ns (63.597%)  route 0.847ns (36.403%))
  Logic Levels:           2  (LUT2=1 OBUF=1)
  Clock Uncertainty:      0.025ns  ((TSJ^2 + TIJ^2)^1/2 + DJ) / 2 + PE
    Total System Jitter     (TSJ):    0.050ns
    Total Input Jitter      (TIJ):    0.000ns
    Discrete Jitter          (DJ):    0.000ns
    Phase Error              (PE):    0.000ns

    Location             Delay type                Incr(ns)  Path(ns)    Netlist Resource(s)
  -------------------------------------------------------------------    -------------------
                         (clock sys_clk_pin rise edge)
                                                      0.000     0.000 r  
    W5                                                0.000     0.000 r  clk (IN)
                         net (fo=0)                   0.000     0.000    clk
    W5                   IBUF (Prop_ibuf_I_O)         0.226     0.226 r  clk_IBUF_inst/O
                         net (fo=1, routed)           0.631     0.858    clk_IBUF
    BUFGCTRL_X0Y1        BUFG (Prop_bufg_I_O)         0.026     0.884 r  clk_IBUF_BUFG_inst/O
                         net (fo=50, routed)          0.595     1.478    SSD_Unit/CLK
    SLICE_X64Y6          FDRE                                         r  SSD_Unit/digit_select_reg[0]/C
  -------------------------------------------------------------------    -------------------
    SLICE_X64Y6          FDRE (Prop_fdre_C_Q)         0.164     1.642 f  SSD_Unit/digit_select_reg[0]/Q
                         net (fo=8, routed)           0.374     2.016    SSD_Unit/Q[0]
    SLICE_X65Y15         LUT2 (Prop_lut2_I1_O)        0.042     2.058 r  SSD_Unit/an_OBUF[3]_inst_i_1/O
                         net (fo=1, routed)           0.473     2.531    an_OBUF[3]
    W4                   OBUF (Prop_obuf_I_O)         1.273     3.804 r  an_OBUF[3]_inst/O
                         net (fo=0)                   0.000     3.804    an[3]
    W4                                                                r  an[3] (OUT)
  -------------------------------------------------------------------    -------------------

Slack:                    inf
  Source:                 SSD_Unit/digit_select_reg[0]/C
                            (rising edge-triggered cell FDRE clocked by sys_clk_pin  {rise@0.000ns fall@5.000ns period=10.000ns})
  Destination:            an[2]
                            (output port)
  Path Group:             (none)
  Path Type:              Min at Fast Process Corner
  Data Path Delay:        2.403ns  (logic 1.498ns (62.343%)  route 0.905ns (37.657%))
  Logic Levels:           2  (LUT2=1 OBUF=1)
  Clock Uncertainty:      0.025ns  ((TSJ^2 + TIJ^2)^1/2 + DJ) / 2 + PE
    Total System Jitter     (TSJ):    0.050ns
    Total Input Jitter      (TIJ):    0.000ns
    Discrete Jitter          (DJ):    0.000ns
    Phase Error              (PE):    0.000ns

    Location             Delay type                Incr(ns)  Path(ns)    Netlist Resource(s)
  -------------------------------------------------------------------    -------------------
                         (clock sys_clk_pin rise edge)
                                                      0.000     0.000 r  
    W5                                                0.000     0.000 r  clk (IN)
                         net (fo=0)                   0.000     0.000    clk
    W5                   IBUF (Prop_ibuf_I_O)         0.226     0.226 r  clk_IBUF_inst/O
                         net (fo=1, routed)           0.631     0.858    clk_IBUF
    BUFGCTRL_X0Y1        BUFG (Prop_bufg_I_O)         0.026     0.884 r  clk_IBUF_BUFG_inst/O
                         net (fo=50, routed)          0.595     1.478    SSD_Unit/CLK
    SLICE_X64Y6          FDRE                                         r  SSD_Unit/digit_select_reg[0]/C
  -------------------------------------------------------------------    -------------------
    SLICE_X64Y6          FDRE (Prop_fdre_C_Q)         0.164     1.642 r  SSD_Unit/digit_select_reg[0]/Q
                         net (fo=8, routed)           0.376     2.018    SSD_Unit/Q[0]
    SLICE_X65Y15         LUT2 (Prop_lut2_I0_O)        0.043     2.061 r  SSD_Unit/an_OBUF[2]_inst_i_1/O
                         net (fo=1, routed)           0.529     2.590    an_OBUF[2]
    V4                   OBUF (Prop_obuf_I_O)         1.291     3.881 r  an_OBUF[2]_inst/O
                         net (fo=0)                   0.000     3.881    an[2]
    V4                                                                r  an[2] (OUT)
  -------------------------------------------------------------------    -------------------

Slack:                    inf
  Source:                 SSD_Unit/digit_select_reg[0]/C
                            (rising edge-triggered cell FDRE clocked by sys_clk_pin  {rise@0.000ns fall@5.000ns period=10.000ns})
  Destination:            an[0]
                            (output port)
  Path Group:             (none)
  Path Type:              Min at Fast Process Corner
  Data Path Delay:        2.423ns  (logic 1.413ns (58.314%)  route 1.010ns (41.686%))
  Logic Levels:           2  (LUT2=1 OBUF=1)
  Clock Uncertainty:      0.025ns  ((TSJ^2 + TIJ^2)^1/2 + DJ) / 2 + PE
    Total System Jitter     (TSJ):    0.050ns
    Total Input Jitter      (TIJ):    0.000ns
    Discrete Jitter          (DJ):    0.000ns
    Phase Error              (PE):    0.000ns

    Location             Delay type                Incr(ns)  Path(ns)    Netlist Resource(s)
  -------------------------------------------------------------------    -------------------
                         (clock sys_clk_pin rise edge)
                                                      0.000     0.000 r  
    W5                                                0.000     0.000 r  clk (IN)
                         net (fo=0)                   0.000     0.000    clk
    W5                   IBUF (Prop_ibuf_I_O)         0.226     0.226 r  clk_IBUF_inst/O
                         net (fo=1, routed)           0.631     0.858    clk_IBUF
    BUFGCTRL_X0Y1        BUFG (Prop_bufg_I_O)         0.026     0.884 r  clk_IBUF_BUFG_inst/O
                         net (fo=50, routed)          0.595     1.478    SSD_Unit/CLK
    SLICE_X64Y6          FDRE                                         r  SSD_Unit/digit_select_reg[0]/C
  -------------------------------------------------------------------    -------------------
    SLICE_X64Y6          FDRE (Prop_fdre_C_Q)         0.164     1.642 r  SSD_Unit/digit_select_reg[0]/Q
                         net (fo=8, routed)           0.374     2.016    SSD_Unit/Q[0]
    SLICE_X65Y15         LUT2 (Prop_lut2_I1_O)        0.045     2.061 r  SSD_Unit/an_OBUF[0]_inst_i_1/O
                         net (fo=1, routed)           0.636     2.697    an_OBUF[0]
    U2                   OBUF (Prop_obuf_I_O)         1.204     3.901 r  an_OBUF[0]_inst/O
                         net (fo=0)                   0.000     3.901    an[0]
    U2                                                                r  an[0] (OUT)
  -------------------------------------------------------------------    -------------------

Slack:                    inf
  Source:                 SSD_Unit/digit_select_reg[0]/C
                            (rising edge-triggered cell FDRE clocked by sys_clk_pin  {rise@0.000ns fall@5.000ns period=10.000ns})
  Destination:            cat[2]
                            (output port)
  Path Group:             (none)
  Path Type:              Min at Fast Process Corner
  Data Path Delay:        2.447ns  (logic 1.490ns (60.882%)  route 0.957ns (39.118%))
  Logic Levels:           3  (LUT4=1 LUT6=1 OBUF=1)
  Clock Uncertainty:      0.025ns  ((TSJ^2 + TIJ^2)^1/2 + DJ) / 2 + PE
    Total System Jitter     (TSJ):    0.050ns
    Total Input Jitter      (TIJ):    0.000ns
    Discrete Jitter          (DJ):    0.000ns
    Phase Error              (PE):    0.000ns

    Location             Delay type                Incr(ns)  Path(ns)    Netlist Resource(s)
  -------------------------------------------------------------------    -------------------
                         (clock sys_clk_pin rise edge)
                                                      0.000     0.000 r  
    W5                                                0.000     0.000 r  clk (IN)
                         net (fo=0)                   0.000     0.000    clk
    W5                   IBUF (Prop_ibuf_I_O)         0.226     0.226 r  clk_IBUF_inst/O
                         net (fo=1, routed)           0.631     0.858    clk_IBUF
    BUFGCTRL_X0Y1        BUFG (Prop_bufg_I_O)         0.026     0.884 r  clk_IBUF_BUFG_inst/O
                         net (fo=50, routed)          0.595     1.478    SSD_Unit/CLK
    SLICE_X64Y6          FDRE                                         r  SSD_Unit/digit_select_reg[0]/C
  -------------------------------------------------------------------    -------------------
    SLICE_X64Y6          FDRE (Prop_fdre_C_Q)         0.164     1.642 r  SSD_Unit/digit_select_reg[0]/Q
                         net (fo=8, routed)           0.374     2.016    ID_Unit/Q[0]
    SLICE_X62Y14         LUT6 (Prop_lut6_I4_O)        0.045     2.061 f  ID_Unit/cat_OBUF[6]_inst_i_3/O
                         net (fo=7, routed)           0.164     2.225    ID_Unit/SSD_Unit/current_digit__31[0]
    SLICE_X64Y15         LUT4 (Prop_lut4_I1_O)        0.045     2.270 r  ID_Unit/cat_OBUF[2]_inst_i_1/O
                         net (fo=1, routed)           0.419     2.689    cat_OBUF[2]
    U8                   OBUF (Prop_obuf_I_O)         1.236     3.925 r  cat_OBUF[2]_inst/O
                         net (fo=0)                   0.000     3.925    cat[2]
    U8                                                                r  cat[2] (OUT)
  -------------------------------------------------------------------    -------------------

Slack:                    inf
  Source:                 SSD_Unit/digit_select_reg[0]/C
                            (rising edge-triggered cell FDRE clocked by sys_clk_pin  {rise@0.000ns fall@5.000ns period=10.000ns})
  Destination:            cat[4]
                            (output port)
  Path Group:             (none)
  Path Type:              Min at Fast Process Corner
  Data Path Delay:        2.505ns  (logic 1.475ns (58.871%)  route 1.030ns (41.129%))
  Logic Levels:           3  (LUT4=1 LUT6=1 OBUF=1)
  Clock Uncertainty:      0.025ns  ((TSJ^2 + TIJ^2)^1/2 + DJ) / 2 + PE
    Total System Jitter     (TSJ):    0.050ns
    Total Input Jitter      (TIJ):    0.000ns
    Discrete Jitter          (DJ):    0.000ns
    Phase Error              (PE):    0.000ns

    Location             Delay type                Incr(ns)  Path(ns)    Netlist Resource(s)
  -------------------------------------------------------------------    -------------------
                         (clock sys_clk_pin rise edge)
                                                      0.000     0.000 r  
    W5                                                0.000     0.000 r  clk (IN)
                         net (fo=0)                   0.000     0.000    clk
    W5                   IBUF (Prop_ibuf_I_O)         0.226     0.226 r  clk_IBUF_inst/O
                         net (fo=1, routed)           0.631     0.858    clk_IBUF
    BUFGCTRL_X0Y1        BUFG (Prop_bufg_I_O)         0.026     0.884 r  clk_IBUF_BUFG_inst/O
                         net (fo=50, routed)          0.595     1.478    SSD_Unit/CLK
    SLICE_X64Y6          FDRE                                         r  SSD_Unit/digit_select_reg[0]/C
  -------------------------------------------------------------------    -------------------
    SLICE_X64Y6          FDRE (Prop_fdre_C_Q)         0.164     1.642 r  SSD_Unit/digit_select_reg[0]/Q
                         net (fo=8, routed)           0.502     2.144    ID_Unit/Q[0]
    SLICE_X62Y15         LUT6 (Prop_lut6_I4_O)        0.045     2.189 r  ID_Unit/cat_OBUF[6]_inst_i_4/O
                         net (fo=7, routed)           0.115     2.304    ID_Unit/SSD_Unit/current_digit__31[2]
    SLICE_X64Y15         LUT4 (Prop_lut4_I2_O)        0.045     2.349 r  ID_Unit/cat_OBUF[4]_inst_i_1/O
                         net (fo=1, routed)           0.413     2.763    cat_OBUF[4]
    U5                   OBUF (Prop_obuf_I_O)         1.221     3.983 r  cat_OBUF[4]_inst/O
                         net (fo=0)                   0.000     3.983    cat[4]
    U5                                                                r  cat[4] (OUT)
  -------------------------------------------------------------------    -------------------

Slack:                    inf
  Source:                 SSD_Unit/digit_select_reg[0]/C
                            (rising edge-triggered cell FDRE clocked by sys_clk_pin  {rise@0.000ns fall@5.000ns period=10.000ns})
  Destination:            cat[5]
                            (output port)
  Path Group:             (none)
  Path Type:              Min at Fast Process Corner
  Data Path Delay:        2.509ns  (logic 1.460ns (58.177%)  route 1.049ns (41.823%))
  Logic Levels:           3  (LUT4=1 LUT6=1 OBUF=1)
  Clock Uncertainty:      0.025ns  ((TSJ^2 + TIJ^2)^1/2 + DJ) / 2 + PE
    Total System Jitter     (TSJ):    0.050ns
    Total Input Jitter      (TIJ):    0.000ns
    Discrete Jitter          (DJ):    0.000ns
    Phase Error              (PE):    0.000ns

    Location             Delay type                Incr(ns)  Path(ns)    Netlist Resource(s)
  -------------------------------------------------------------------    -------------------
                         (clock sys_clk_pin rise edge)
                                                      0.000     0.000 r  
    W5                                                0.000     0.000 r  clk (IN)
                         net (fo=0)                   0.000     0.000    clk
    W5                   IBUF (Prop_ibuf_I_O)         0.226     0.226 r  clk_IBUF_inst/O
                         net (fo=1, routed)           0.631     0.858    clk_IBUF
    BUFGCTRL_X0Y1        BUFG (Prop_bufg_I_O)         0.026     0.884 r  clk_IBUF_BUFG_inst/O
                         net (fo=50, routed)          0.595     1.478    SSD_Unit/CLK
    SLICE_X64Y6          FDRE                                         r  SSD_Unit/digit_select_reg[0]/C
  -------------------------------------------------------------------    -------------------
    SLICE_X64Y6          FDRE (Prop_fdre_C_Q)         0.164     1.642 r  SSD_Unit/digit_select_reg[0]/Q
                         net (fo=8, routed)           0.505     2.147    ID_Unit/Q[0]
    SLICE_X62Y15         LUT6 (Prop_lut6_I4_O)        0.045     2.192 r  ID_Unit/cat_OBUF[6]_inst_i_2/O
                         net (fo=7, routed)           0.153     2.345    ID_Unit/SSD_Unit/current_digit__31[3]
    SLICE_X64Y15         LUT4 (Prop_lut4_I0_O)        0.045     2.390 r  ID_Unit/cat_OBUF[5]_inst_i_1/O
                         net (fo=1, routed)           0.391     2.781    cat_OBUF[5]
    V5                   OBUF (Prop_obuf_I_O)         1.206     3.987 r  cat_OBUF[5]_inst/O
                         net (fo=0)                   0.000     3.987    cat[5]
    V5                                                                r  cat[5] (OUT)
  -------------------------------------------------------------------    -------------------

Slack:                    inf
  Source:                 SSD_Unit/digit_select_reg[0]/C
                            (rising edge-triggered cell FDRE clocked by sys_clk_pin  {rise@0.000ns fall@5.000ns period=10.000ns})
  Destination:            cat[6]
                            (output port)
  Path Group:             (none)
  Path Type:              Min at Fast Process Corner
  Data Path Delay:        2.521ns  (logic 1.562ns (61.981%)  route 0.958ns (38.019%))
  Logic Levels:           3  (LUT4=1 LUT6=1 OBUF=1)
  Clock Uncertainty:      0.025ns  ((TSJ^2 + TIJ^2)^1/2 + DJ) / 2 + PE
    Total System Jitter     (TSJ):    0.050ns
    Total Input Jitter      (TIJ):    0.000ns
    Discrete Jitter          (DJ):    0.000ns
    Phase Error              (PE):    0.000ns

    Location             Delay type                Incr(ns)  Path(ns)    Netlist Resource(s)
  -------------------------------------------------------------------    -------------------
                         (clock sys_clk_pin rise edge)
                                                      0.000     0.000 r  
    W5                                                0.000     0.000 r  clk (IN)
                         net (fo=0)                   0.000     0.000    clk
    W5                   IBUF (Prop_ibuf_I_O)         0.226     0.226 r  clk_IBUF_inst/O
                         net (fo=1, routed)           0.631     0.858    clk_IBUF
    BUFGCTRL_X0Y1        BUFG (Prop_bufg_I_O)         0.026     0.884 r  clk_IBUF_BUFG_inst/O
                         net (fo=50, routed)          0.595     1.478    SSD_Unit/CLK
    SLICE_X64Y6          FDRE                                         r  SSD_Unit/digit_select_reg[0]/C
  -------------------------------------------------------------------    -------------------
    SLICE_X64Y6          FDRE (Prop_fdre_C_Q)         0.164     1.642 r  SSD_Unit/digit_select_reg[0]/Q
                         net (fo=8, routed)           0.374     2.016    ID_Unit/Q[0]
    SLICE_X62Y14         LUT6 (Prop_lut6_I4_O)        0.045     2.061 r  ID_Unit/cat_OBUF[6]_inst_i_3/O
                         net (fo=7, routed)           0.164     2.225    ID_Unit/SSD_Unit/current_digit__31[0]
    SLICE_X64Y15         LUT4 (Prop_lut4_I1_O)        0.048     2.273 r  ID_Unit/cat_OBUF[6]_inst_i_1/O
                         net (fo=1, routed)           0.420     2.693    cat_OBUF[6]
    U7                   OBUF (Prop_obuf_I_O)         1.305     3.999 r  cat_OBUF[6]_inst/O
                         net (fo=0)                   0.000     3.999    cat[6]
    U7                                                                r  cat[6] (OUT)
  -------------------------------------------------------------------    -------------------

Slack:                    inf
  Source:                 SSD_Unit/digit_select_reg[0]/C
                            (rising edge-triggered cell FDRE clocked by sys_clk_pin  {rise@0.000ns fall@5.000ns period=10.000ns})
  Destination:            cat[1]
                            (output port)
  Path Group:             (none)
  Path Type:              Min at Fast Process Corner
  Data Path Delay:        2.629ns  (logic 1.484ns (56.445%)  route 1.145ns (43.555%))
  Logic Levels:           3  (LUT4=1 LUT6=1 OBUF=1)
  Clock Uncertainty:      0.025ns  ((TSJ^2 + TIJ^2)^1/2 + DJ) / 2 + PE
    Total System Jitter     (TSJ):    0.050ns
    Total Input Jitter      (TIJ):    0.000ns
    Discrete Jitter          (DJ):    0.000ns
    Phase Error              (PE):    0.000ns

    Location             Delay type                Incr(ns)  Path(ns)    Netlist Resource(s)
  -------------------------------------------------------------------    -------------------
                         (clock sys_clk_pin rise edge)
                                                      0.000     0.000 r  
    W5                                                0.000     0.000 r  clk (IN)
                         net (fo=0)                   0.000     0.000    clk
    W5                   IBUF (Prop_ibuf_I_O)         0.226     0.226 r  clk_IBUF_inst/O
                         net (fo=1, routed)           0.631     0.858    clk_IBUF
    BUFGCTRL_X0Y1        BUFG (Prop_bufg_I_O)         0.026     0.884 r  clk_IBUF_BUFG_inst/O
                         net (fo=50, routed)          0.595     1.478    SSD_Unit/CLK
    SLICE_X64Y6          FDRE                                         r  SSD_Unit/digit_select_reg[0]/C
  -------------------------------------------------------------------    -------------------
    SLICE_X64Y6          FDRE (Prop_fdre_C_Q)         0.164     1.642 r  SSD_Unit/digit_select_reg[0]/Q
                         net (fo=8, routed)           0.374     2.016    ID_Unit/Q[0]
    SLICE_X62Y14         LUT6 (Prop_lut6_I4_O)        0.045     2.061 r  ID_Unit/cat_OBUF[6]_inst_i_3/O
                         net (fo=7, routed)           0.296     2.357    ID_Unit/SSD_Unit/current_digit__31[0]
    SLICE_X64Y15         LUT4 (Prop_lut4_I3_O)        0.045     2.402 r  ID_Unit/cat_OBUF[1]_inst_i_1/O
                         net (fo=1, routed)           0.475     2.877    cat_OBUF[1]
    W6                   OBUF (Prop_obuf_I_O)         1.230     4.107 r  cat_OBUF[1]_inst/O
                         net (fo=0)                   0.000     4.107    cat[1]
    W6                                                                r  cat[1] (OUT)
  -------------------------------------------------------------------    -------------------

Slack:                    inf
  Source:                 SSD_Unit/digit_select_reg[0]/C
                            (rising edge-triggered cell FDRE clocked by sys_clk_pin  {rise@0.000ns fall@5.000ns period=10.000ns})
  Destination:            cat[3]
                            (output port)
  Path Group:             (none)
  Path Type:              Min at Fast Process Corner
  Data Path Delay:        2.646ns  (logic 1.555ns (58.793%)  route 1.090ns (41.207%))
  Logic Levels:           3  (LUT4=1 LUT6=1 OBUF=1)
  Clock Uncertainty:      0.025ns  ((TSJ^2 + TIJ^2)^1/2 + DJ) / 2 + PE
    Total System Jitter     (TSJ):    0.050ns
    Total Input Jitter      (TIJ):    0.000ns
    Discrete Jitter          (DJ):    0.000ns
    Phase Error              (PE):    0.000ns

    Location             Delay type                Incr(ns)  Path(ns)    Netlist Resource(s)
  -------------------------------------------------------------------    -------------------
                         (clock sys_clk_pin rise edge)
                                                      0.000     0.000 r  
    W5                                                0.000     0.000 r  clk (IN)
                         net (fo=0)                   0.000     0.000    clk
    W5                   IBUF (Prop_ibuf_I_O)         0.226     0.226 r  clk_IBUF_inst/O
                         net (fo=1, routed)           0.631     0.858    clk_IBUF
    BUFGCTRL_X0Y1        BUFG (Prop_bufg_I_O)         0.026     0.884 r  clk_IBUF_BUFG_inst/O
                         net (fo=50, routed)          0.595     1.478    SSD_Unit/CLK
    SLICE_X64Y6          FDRE                                         r  SSD_Unit/digit_select_reg[0]/C
  -------------------------------------------------------------------    -------------------
    SLICE_X64Y6          FDRE (Prop_fdre_C_Q)         0.164     1.642 r  SSD_Unit/digit_select_reg[0]/Q
                         net (fo=8, routed)           0.374     2.016    ID_Unit/Q[0]
    SLICE_X62Y14         LUT6 (Prop_lut6_I4_O)        0.045     2.061 r  ID_Unit/cat_OBUF[6]_inst_i_3/O
                         net (fo=7, routed)           0.296     2.357    ID_Unit/SSD_Unit/current_digit__31[0]
    SLICE_X64Y15         LUT4 (Prop_lut4_I2_O)        0.044     2.401 r  ID_Unit/cat_OBUF[3]_inst_i_1/O
                         net (fo=1, routed)           0.420     2.821    cat_OBUF[3]
    V8                   OBUF (Prop_obuf_I_O)         1.302     4.124 r  cat_OBUF[3]_inst/O
                         net (fo=0)                   0.000     4.124    cat[3]
    V8                                                                r  cat[3] (OUT)
  -------------------------------------------------------------------    -------------------





--------------------------------------------------------------------------------------
Path Group:  (none)
From Clock:  
  To Clock:  sys_clk_pin

Max Delay             1 Endpoint
Min Delay             1 Endpoint
--------------------------------------------------------------------------------------


Max Delay Paths
--------------------------------------------------------------------------------------
Slack:                    inf
  Source:                 btnC
                            (input port)
  Destination:            Debouncer_Unit/btn_sync_reg[0]/D
                            (rising edge-triggered cell FDRE clocked by sys_clk_pin  {rise@0.000ns fall@5.000ns period=10.000ns})
  Path Group:             (none)
  Path Type:              Setup (Max at Slow Process Corner)
  Data Path Delay:        4.118ns  (logic 1.441ns (35.002%)  route 2.676ns (64.998%))
  Logic Levels:           1  (IBUF=1)
  Clock Path Skew:        4.786ns (DCD - SCD + CPR)
    Destination Clock Delay (DCD):    4.786ns
    Source Clock Delay      (SCD):    0.000ns
    Clock Pessimism Removal (CPR):    0.000ns
  Clock Uncertainty:      0.025ns  ((TSJ^2 + TIJ^2)^1/2 + DJ) / 2 + PE
    Total System Jitter     (TSJ):    0.050ns
    Total Input Jitter      (TIJ):    0.000ns
    Discrete Jitter          (DJ):    0.000ns
    Phase Error              (PE):    0.000ns

    Location             Delay type                Incr(ns)  Path(ns)    Netlist Resource(s)
  -------------------------------------------------------------------    -------------------
    U18                                               0.000     0.000 r  btnC (IN)
                         net (fo=0)                   0.000     0.000    btnC
    U18                  IBUF (Prop_ibuf_I_O)         1.441     1.441 r  btnC_IBUF_inst/O
                         net (fo=1, routed)           2.676     4.118    Debouncer_Unit/D[0]
    SLICE_X37Y43         FDRE                                         r  Debouncer_Unit/btn_sync_reg[0]/D
  -------------------------------------------------------------------    -------------------

                         (clock sys_clk_pin rise edge)
                                                      0.000     0.000 r  
    W5                                                0.000     0.000 r  clk (IN)
                         net (fo=0)                   0.000     0.000    clk
    W5                   IBUF (Prop_ibuf_I_O)         1.388     1.388 r  clk_IBUF_inst/O
                         net (fo=1, routed)           1.862     3.250    clk_IBUF
    BUFGCTRL_X0Y1        BUFG (Prop_bufg_I_O)         0.091     3.341 r  clk_IBUF_BUFG_inst/O
                         net (fo=50, routed)          1.445     4.786    Debouncer_Unit/CLK
    SLICE_X37Y43         FDRE                                         r  Debouncer_Unit/btn_sync_reg[0]/C





Min Delay Paths
--------------------------------------------------------------------------------------
Slack:                    inf
  Source:                 btnC
                            (input port)
  Destination:            Debouncer_Unit/btn_sync_reg[0]/D
                            (rising edge-triggered cell FDRE clocked by sys_clk_pin  {rise@0.000ns fall@5.000ns period=10.000ns})
  Path Group:             (none)
  Path Type:              Hold (Min at Fast Process Corner)
  Data Path Delay:        1.440ns  (logic 0.210ns (14.550%)  route 1.230ns (85.450%))
  Logic Levels:           1  (IBUF=1)
  Clock Path Skew:        1.959ns (DCD - SCD - CPR)
    Destination Clock Delay (DCD):    1.959ns
    Source Clock Delay      (SCD):    0.000ns
    Clock Pessimism Removal (CPR):    -0.000ns

    Location             Delay type                Incr(ns)  Path(ns)    Netlist Resource(s)
  -------------------------------------------------------------------    -------------------
    U18                                               0.000     0.000 r  btnC (IN)
                         net (fo=0)                   0.000     0.000    btnC
    U18                  IBUF (Prop_ibuf_I_O)         0.210     0.210 r  btnC_IBUF_inst/O
                         net (fo=1, routed)           1.230     1.440    Debouncer_Unit/D[0]
    SLICE_X37Y43         FDRE                                         r  Debouncer_Unit/btn_sync_reg[0]/D
  -------------------------------------------------------------------    -------------------

                         (clock sys_clk_pin rise edge)
                                                      0.000     0.000 r  
    W5                                                0.000     0.000 r  clk (IN)
                         net (fo=0)                   0.000     0.000    clk
    W5                   IBUF (Prop_ibuf_I_O)         0.414     0.414 r  clk_IBUF_inst/O
                         net (fo=1, routed)           0.685     1.099    clk_IBUF
    BUFGCTRL_X0Y1        BUFG (Prop_bufg_I_O)         0.029     1.128 r  clk_IBUF_BUFG_inst/O
                         net (fo=50, routed)          0.832     1.959    Debouncer_Unit/CLK
    SLICE_X37Y43         FDRE                                         r  Debouncer_Unit/btn_sync_reg[0]/C





